tic_id,n_sectors
150030205,45
142108949,45
142052876,45
141910606,45
141865875,45
141805180,45
278865342,45
278777070,45
278899461,45
149971828,45
278776865,45
149988523,45
141527579,45
350765919,45
176876294,45
350297825,45
348841203,45
141770198,45
141810080,45
278683844,44
278683664,44
260127606,44
260127241,44
293268667,44
260042834,44
260041674,44
141941708,44
149971754,44
350299588,44
350765991,44
350742475,44
382303117,44
167523976,44
350823719,44
348839788,44
150393390,44
350862394,44
374912345,44
364326480,44
382256692,44
150392584,44
375059587,44
370227780,44
350298145,44
260708537,44
260605873,44
260640910,44
278683641,44
142052608,44
142085842,44
176873028,44
41173537,44
260420061,44
260128701,43
260131665,43
260079513,43
260655847,43
261417533,43
260659557,43
309792357,43
141809220,43
149302552,43
309659126,43
179201107,43
309702035,43
141911519,43
149301575,43
287298969,43
149269178,43
149250753,43
260043481,43
278897257,43
141975926,43
260004324,43
260002453,43
278730120,43
260078030,43
141976247,43
260162387,43
260507093,43
260419879,43
149102762,43
149121385,43
142082942,43
350522196,43
350444342,43
350559457,43
149347992,43
177252842,43
140997242,43
350343922,43
350822079,43
350842552,43
141526547,43
141527965,43
382268851,43
350843855,43
350584963,43
141543744,43
350655963,43
150274386,43
364540782,43
382260143,43
141472806,43
364589441,43
350858713,43
149497700,43
141423634,43
141335886,43
141411201,43
167205241,43
364588501,43
150431659,43
150431920,43
150431791,43
150391988,43
141152931,43
382186942,43
150359260,43
382160187,43
382198789,43
150322340,43
150029538,43
382187278,42
382198673,42
382199165,42
382200050,42
41259424,42
149497993,42
350825116,42
350824219,42
350821790,42
141151953,42
260415151,42
177241993,42
149935360,42
177254154,42
149347480,42
382145521,42
149102723,42
150359500,42
350820908,42
260609189,42
260640693,42
31381302,42
31530164,42
149347629,42
348842808,42
350763936,42
141823881,42
270474308,42
260606533,42
149125377,42
260192754,42
260506296,42
382028854,42
141186075,42
179376451,42
260003329,42
278895705,42
309791758,42
350933263,42
350335178,42
167089430,42
374944622,42
350335778,42
373523595,42
141413219,42
278684081,42
278684936,42
141280255,42
141334293,42
167045028,42
167126852,42
149390710,42
141482069,42
141471522,42
364302118,42
167337533,42
389506883,42
374859347,42
41030783,42
382032570,42
176872401,42
167552090,42
176875114,42
374996363,42
150164875,42
404974043,42
141608198,42
150300935,42
231744961,42
260352702,42
260503393,42
142144969,42
142146835,42
348839374,42
141628019,42
179582003,42
179637387,42
167415965,42
179201407,42
149423103,42
167574282,42
350443417,42
260356437,42
150273255,42
350584303,41
350559756,41
382157798,41
260474813,41
41533313,41
150322991,41
167344043,41
382033285,41
141210448,41
141154638,41
177252896,41
149347534,41
260161144,41
260189950,41
149154927,41
425064757,41
350583992,41
350583903,41
350711249,41
389444166,41
150249155,41
167308252,41
141184207,41
260542710,41
260507598,41
150357935,41
260267074,41
270557257,41
40795915,41
407661867,41
41533357,41
167344029,41
350842838,41
166972537,41
167005517,41
260128333,41
149572723,41
358402782,41
350708370,41
142087340,41
150394126,41
149177271,41
142086091,41
167339584,41
167304735,41
350716053,41
167525513,41
167163906,41
373777400,41
141944488,41
278779899,41
142019343,41
375035131,41
167042097,41
141268467,41
177255827,41
350861012,41
149497522,41
149302744,41
176960513,41
176955379,41
176954932,41
350342912,41
350860764,41
141281495,41
374997123,41
176873735,41
141943941,41
167206607,41
141708335,41
370228465,41
141914082,41
278988097,41
179637488,41
374911449,41
278731274,41
278776511,41
374911986,41
149176305,41
309617509,41
391813522,41
141093693,41
150299548,41
293272754,41
141868836,41
179304899,41
140998116,41
179209402,41
167417444,41
350433501,41
141685643,41
179308923,41
350619228,41
179308757,41
179305059,41
382159212,41
260352227,41
260351540,41
260502294,41
260475252,41
260502102,41
141611461,41
350431335,41
149989864,41
260416268,41
149059954,41
260368525,41
350518530,41
260372062,41
260369855,41
176872276,41
167574667,40
149423433,40
350478528,40
150320620,40
150301109,40
141090270,40
350519682,40
150100106,40
350431472,40
176935123,40
141609430,40
231742782,40
391813813,40
293225274,40
287407926,40
287405060,40
389624081,40
350655701,40
179574710,40
278865766,40
260005509,40
167303382,40
370225925,40
350434379,40
280865159,40
149252615,40
149539114,40
142015852,40
167119957,40
167088607,40
374859230,40
176955267,40
149539158,40
350857661,40
150164795,40
375058105,40
150432211,40
150429481,40
150167319,40
149988104,40
278825715,40
167305689,40
141481311,40
176981169,40
176980970,40
141545616,40
350712873,40
167554511,40
167552111,40
167526213,40
375034833,40
375034557,40
150442497,40
150442264,40
375062809,40
40717592,40
40717334,40
142086813,40
142086812,40
141608289,40
167554964,40
389924075,40
179038379,40
149304313,40
149473467,40
167415800,40
260160453,40
260239177,40
276934673,40
276943440,40
407662059,40
149120726,40
150357613,40
261260905,40
141029712,40
261061538,40
260188017,40
141807839,40
149346418,40
260192346,40
149101226,40
167364796,40
425068761,40
260418789,40
167572319,40
382157804,40
141624659,40
141155264,40
350520348,40
55404385,40
150101472,40
260415628,40
425057879,39
150098860,39
149039372,39
141621885,39
350585031,39
41463056,39
150062527,39
150105350,39
55402208,39
150248762,39
149972211,39
350295877,39
141771691,39
167415960,39
141610050,39
389921913,39
389749856,39
389669796,39
389663914,39
309658435,39
179040880,39
309791156,39
141025090,39
167305688,39
364326091,39
391810734,39
404804908,39
309614870,39
391887898,39
350332233,39
141756071,39
350346371,39
350345682,39
293271581,39
179369863,39
391887875,39
382258844,39
179438938,39
293347978,39
293345927,39
293272915,39
167204164,39
372908110,39
370224333,39
176935619,39
176935006,39
350623126,39
350622984,39
350620310,39
350618622,39
149219496,39
373843860,39
373843852,39
150187916,39
277291895,39
141979696,39
375055723,39
150440176,39
40716679,39
150143137,39
276935996,39
141281526,39
149175396,39
350708927,39
277023992,39
277023834,39
40793484,39
150393623,39
260164371,39
149175965,39
276935568,39
260266504,39
260243101,39
382067256,39
150391118,39
150357404,39
260297461,39
260266656,39
150360766,39
350480660,39
167574513,39
149444341,39
350560959,39
41532261,38
278987417,38
374860864,38
167007869,38
260369118,38
425069023,38
425081475,38
167526485,38
167526477,38
149603524,38
150437899,38
149388265,38
350620788,38
391948920,38
150390490,38
350654712,38
167524563,38
260266502,38
167524278,38
179639066,38
150188736,38
373916957,38
373985178,38
149159039,38
149972102,38
404768019,38
150272064,38
373768576,38
277298434,38
277025859,38
277298891,38
277300234,38
389925768,38
389750989,38
389363695,38
149540525,38
167119619,38
277300215,38
382041479,38
260243143,38
382028425,38
276936458,38
277022505,38
277022637,38
277022838,38
277022967,38
149155198,38
309754884,38
404967301,38
141121793,38
31508240,38
31506424,38
404852080,38
404966400,38
404966425,38
276935987,38
276936239,38
150166721,38
276936320,38
149976535,38
150437065,38
382247321,38
149346163,38
149630160,38
150428135,38
277173662,38
277173650,38
277172980,38
277102246,38
404933493,38
375063320,38
404852096,38
260370233,38
167554039,38
167554898,38
260504147,38
350580827,38
425083410,38
150098777,38
150028806,38
41227743,38
41173667,38
141625486,38
166973387,38
150062447,37
41464373,37
150104808,37
150064391,37
141278888,37
167010837,37
149389419,37
260300455,37
149990098,37
150361616,37
149573659,37
404768847,37
260266066,37
167085242,37
167010957,37
404798544,37
149217937,37
277026183,37
277298771,37
149248196,37
260241701,37
389920950,37
287401176,37
167247077,37
167303776,37
404768604,37
373432787,37
167121012,37
404768745,37
391745863,37
389365531,37
176980995,37
167087044,37
404849302,37
179209305,37
167342439,37
382259748,37
389363675,37
382247276,37
167365279,37
260656168,37
150428703,37
141429030,37
382244898,37
276861788,37
31268146,37
404796860,37
404768956,37
425085686,37
425084841,36
150098291,36
149600846,36
41259805,36
41532123,36
404797151,36
391887390,36
31508554,36
150142806,36
404852071,36
350481741,36
350477148,36
150065151,36
404797355,36
141768070,36
375061989,36
391746578,36
364322720,36
167170023,36
149540013,36
231742691,36
167524561,36
260507500,36
149575726,36
150390619,36
149478846,36
41529304,36
150068381,36
167006493,35
382188882,35
348842421,35
350744311,35
364588805,35
277099925,35
382244430,35
141030721,35
141769434,35
150320178,35
149272506,35
179119903,35
350933091,35
141769356,35
404927661,35
382266319,35
149218683,35
260536927,35
149542947,35
141977935,35
141942911,35
167086013,35
41331819,35
167009292,35
260079188,35
142144162,35
382188816,35
150102227,35
374997695,35
176958231,35
277301964,35
277295979,35
31509222,35
277099881,35
150029671,34
167549764,34
382266537,34
382068748,34
31414018,34
141770609,34
350844714,34
141811540,34
141772259,34
177258212,34
309618061,34
41226271,34
350744678,34
150270977,34
167123841,34
141095359,34
141865201,34
149275235,34
179317684,34
260655797,34
348840076,34
261154464,34
177253314,34
350824771,34
350297677,34
141757920,34
150430837,34
277103567,34
358459070,34
179120455,34
261399435,34
309617141,34
471013553,34
150392753,34
382256404,34
382257632,34
149631289,34
149664423,34
382265694,34
179637336,34
350715999,34
382069435,34
141757732,34
141606958,34
149598862,34
278862239,34
257720376,34
382159772,34
141124144,34
350656545,34
141605929,34
382160308,34
257720377,34
382101770,34
141756213,34
141757294,34
350740740,34
260608820,34
176872955,34
149423652,34
278731442,34
278775323,34
260538402,34
149102728,34
150323334,34
350654140,34
167572013,34
141752883,34
149602308,34
374912514,34
260046359,34
260046328,34
260075733,34
260043723,34
150109008,34
150030411,34
150030323,33
260356202,33
260368246,33
260372940,33
350520993,33
382257670,33
382257922,33
149037112,33
260419365,33
260419794,33
425067522,33
41034345,33
471013582,33
150029272,33
167011856,33
260044924,33
260076575,33
278727563,33
260003140,33
260003879,33
278987334,33
278779083,33
278824412,33
278861774,33
141975620,33
40802388,33
149970613,33
149971537,33
279958827,33
141941684,33
257721857,33
293225109,33
179637063,33
141435818,33
141414217,33
142016119,33
278684349,33
142017509,33
277101175,33
389568266,33
149930009,33
149931603,33
382258935,33
141826495,33
179315999,33
370227982,33
370228027,33
370228164,33
260128069,33
260130483,33
149174106,33
150430431,33
150430566,33
375056781,33
382259669,33
364588832,33
364589064,33
364589559,33
364590050,33
141471870,33
141472911,33
141526439,33
364588606,33
150165657,33
382257374,33
150392377,33
150393191,33
150393198,33
150393302,33
141823882,33
179123560,33
179304753,33
309617117,33
382029368,33
382030592,33
261377762,33
142085192,33
260162604,33
261090191,33
350861314,33
350931523,33
141805493,33
141824122,33
309791561,33
177257949,33
149303766,33
309698892,33
309699051,33
141811445,33
348842237,33
141770047,33
31505975,33
167309174,33
167309586,33
350859059,33
261107147,33
141028120,33
141028164,33
382244825,33
261138068,33
382302322,33
141768040,33
149347296,33
348839628,33
350841387,33
149497763,33
348841745,33
261156988,33
260659364,33
260659374,33
142105308,33
142105613,33
382099509,33
382101865,33
382145139,33
382148025,33
149348420,33
350274835,33
350297075,33
350763476,33
149972207,33
141542023,33
350711213,33
350715144,33
141185142,33
260606294,33
260635418,33
260640855,33
382159621,33
382160101,33
382160146,33
382186823,33
141755163,33
167416361,33
167417695,33
167419543,33
167422188,33
167524928,33
149450612,33
350656478,33
350334038,33
150359892,33
150360085,33
142109430,33
260299812,33
150322196,33
149913598,33
141610893,33
149391500,33
176956040,33
350334901,33
350335082,33
350344317,33
350345733,33
141709296,33
350297922,33
350332008,33
141708546,33
350480893,33
167550778,33
141607972,33
350619392,33
382199496,33
260503412,33
260303793,33
260304800,33
142149242,33
150142653,32
150151262,32
150166759,32
149987940,32
260503815,32
260351032,32
260351280,32
260418241,32
260420562,32
150185581,32
150188758,32
150189153,32
149970589,32
149971113,32
149971331,32
391948885,32
382268257,32
149120602,32
260297253,32
260297724,32
260300073,32
260471066,32
260476779,32
142142488,32
149935365,32
150274632,32
150299115,32
149930150,32
141096071,32
141026903,32
141028962,32
382246984,32
150301529,32
150322652,32
150323138,32
382187849,32
382189163,32
382189406,32
382200069,32
142107756,32
149107360,32
149120276,32
260505542,32
260540898,32
260542013,32
260542381,32
150358147,32
150359212,32
382069455,32
382098485,32
382098944,32
382099053,32
382101389,32
382147162,32
382042321,32
260190364,32
260192532,32
149154577,32
260605506,32
260636511,32
382045620,32
382066186,32
375088647,32
382030398,32
382032987,32
150394536,32
149630117,32
150430484,32
141282136,32
375059160,32
141269964,32
150439289,32
142087451,32
260654645,32
260709448,32
150439989,32
150442658,32
375033848,32
375038081,32
375038128,32
141271216,32
141278810,32
142049025,32
142051349,32
261417402,32
270474524,32
270554477,32
276864600,32
142082642,32
149175859,32
167009792,32
374911869,32
374945276,32
141283921,32
141423536,32
373918302,32
373919576,32
278862750,32
373982378,32
374858533,32
374858999,32
141412532,32
167088119,32
373598109,32
167163613,32
149538480,32
370227155,32
141435705,32
167249270,32
167249390,32
167250269,32
350953813,32
350954351,32
364302017,32
364326269,32
280867781,32
257720503,32
257720801,32
149216024,32
278866220,32
278959348,32
278823421,32
141479174,32
141479310,32
167308905,32
167341796,32
149497543,32
350930869,32
350931281,32
350840417,32
179640738,32
231741096,32
279950870,32
279956826,32
167366681,32
350765484,32
350766639,32
350821292,32
350713883,32
167421913,32
350655055,32
350657135,32
350620345,32
350622144,32
350654290,32
287438823,32
293223210,32
293225221,32
293225895,32
149253409,32
149473171,32
141626634,32
350563576,32
350581003,32
350584959,32
141621803,32
350519160,32
350522060,32
167570500,32
149449530,32
167602738,32
350481337,32
350518586,32
179305185,32
179312477,32
179369970,32
293270903,32
293270932,32
293273183,32
141941710,32
176873840,32
176875632,32
176875890,32
141712167,32
350434027,32
350442619,32
141708147,32
176936125,32
176954188,32
149390648,32
350335258,32
350342756,32
350298298,32
179114436,32
309615852,32
309616407,32
149391010,32
149391335,32
176983552,32
176983629,32
149347948,32
350294979,32
141765836,32
141766144,32
309790097,32
31273263,32
31313963,32
309657610,32
177241155,32
177253915,32
348841768,32
309755084,32
150100421,32
41226614,32
260371854,32
737396657,32
150064238,32
150030950,31
737165370,31
737492561,31
260305086,31
260351752,31
260351985,31
260352274,31
142145534,31
140998522,31
391821943,31
391950805,31
31530505,31
309703910,31
150141898,31
41590715,31
389663831,31
150189995,31
150247721,31
150248922,31
150249728,31
150250236,31
150271680,31
141029787,31
382301971,31
177254872,31
177254988,31
177255132,31
149303310,31
179046780,31
141867607,31
309617715,31
389433788,31
142109390,31
142148289,31
260473060,31
142142160,31
150272277,31
150272447,31
150275360,31
149930946,31
309613894,31
309616959,31
141825369,31
350334336,31
176982916,31
177017653,31
141121236,31
150323113,31
149902203,31
141120940,31
141121044,31
382159195,31
260267208,31
350443140,31
141686804,31
176936043,31
176954865,31
176957781,31
176959341,31
350336548,31
350345319,31
350298314,31
179206253,31
179232118,31
179234597,31
260267665,31
260268711,31
260504446,31
150358991,31
141187570,31
260241479,31
179309196,31
293273032,31
287404510,31
176932113,31
350433143,31
350433903,31
350434130,31
149126796,31
149126810,31
260608510,31
260636592,31
142107219,31
141187075,31
141187126,31
149631035,31
150391195,31
150391436,31
150393049,31
375064476,31
375089600,31
350563306,31
350583319,31
350560036,31
350560804,31
176870098,31
149422364,31
350443172,31
350443250,31
350477233,31
149274312,31
287408257,31
287410832,31
287435694,31
293224419,31
149252670,31
179583882,31
382033261,31
150430044,31
375058335,31
375060694,31
149175936,31
260159741,31
260189643,31
142107759,31
142105158,31
150440079,31
150441800,31
150442152,31
149576413,31
375033759,31
350764517,31
350765777,31
350767497,31
141542585,31
350710135,31
350712255,31
350714599,31
167422005,31
149449888,31
350655910,31
350709221,31
231742789,31
231746897,31
149218100,31
141944911,31
141945470,31
278990983,31
280049258,31
149497924,31
167367512,31
260128839,31
149174494,31
277022714,31
374859785,31
374912335,31
373917936,31
149176503,31
142018464,31
278729421,31
278775625,31
278725797,31
142054159,31
142082467,31
149216532,31
278898462,31
278898692,31
278777620,31
278823382,31
167305895,31
149479510,31
374858885,31
167089959,31
373685196,31
149571930,31
167165793,31
149539058,31
149539552,31
370226095,31
370227221,31
372851407,31
167207566,31
167248795,31
141480176,31
141471105,31
141471357,31
358403148,31
41361147,31
41484615,31
150165740,31
150166465,31
40897656,31
41029088,31
41029133,31
41030714,31
41596872,31
425068672,31
41174274,31
41361145,31
260355054,31
260369147,31
260369469,31
734431102,31
735491690,31
734420265,30
425070148,30
150098542,30
150064525,30
150062502,30
425068767,30
425068409,30
260304296,30
149105764,30
150166091,30
150147985,30
150144415,30
41483281,30
150099218,30
735624005,30
260003467,30
364324991,30
141484055,30
167304933,30
372850999,30
364592454,30
167201539,30
167164775,30
141423416,30
373843125,30
373682056,30
373524217,30
141436215,30
167043194,30
149573096,30
141411713,30
350843318,30
350840554,30
350862618,30
167339970,30
167307093,30
167306154,30
278777358,30
278956474,30
149180088,30
278683209,30
278730265,30
278729415,30
278728951,30
149176080,30
260075943,30
260044425,30
278861557,30
141335100,30
374910243,30
374860204,30
149572666,30
167011368,30
149600376,30
276869906,30
277016043,30
260130844,30
260127258,30
149178462,30
167367237,30
167365789,30
279958047,30
279957111,30
231801661,30
231801630,30
231743280,30
350585437,30
141623174,30
141610012,30
149472907,30
149474387,30
375034743,30
150443296,30
150442748,30
150440755,30
142087638,30
260658693,30
260641304,30
261327765,30
142085641,30
261107064,30
260188633,30
260159562,30
141269217,30
375059949,30
375057127,30
375056762,30
382032874,30
375089653,30
350563225,30
167554181,30
167548586,30
167527244,30
179637327,30
179586885,30
179517557,30
179441174,30
293267910,30
350622565,30
350445771,30
350443648,30
176871588,30
350521162,30
350518984,30
141621534,30
375089268,30
382068562,30
260609205,30
141712654,30
176933645,30
176930969,30
176874136,30
293271918,30
293271686,30
293271232,30
179378612,30
179306195,30
260241997,30
260240161,30
260193210,30
260191777,30
141210949,30
382101148,30
150390327,30
150360599,30
382160135,30
260542038,30
179243599,30
179116917,30
350298948,30
350335330,30
260266449,30
260244471,30
260244435,30
149154821,30
382157129,30
141128773,30
149902366,30
150357424,30
382245976,30
350274840,30
149348079,30
176960818,30
141754291,30
141751744,30
141828072,30
309616139,30
309615082,30
141871569,30
141870831,30
149930673,30
150299840,30
260474818,30
260472262,30
149105052,30
260297096,30
260269838,30
177254302,30
149346752,30
177242528,30
149349037,30
309658984,30
309658221,30
179039934,30
149305070,30
31266926,30
389323816,30
150271420,30
150191258,30
389925842,30
389672830,30
389625539,30
141026267,30
41587424,30
41530565,30
150110391,30
150105372,30
150101616,30
150101501,30
309754992,30
309704722,30
141810929,30
141809359,30
348839533,30
141805944,30
404798700,30
150187373,30
150167643,30
41031598,30
260354344,30
142146051,30
142144594,30
149060586,30
764850011,30
735873292,30
765419968,30
149601768,29
149630754,29
149601156,29
150430404,29
150429807,29
149629077,29
150250788,29
260654610,29
142106374,29
142110261,29
150030250,29
41226621,29
40895175,29
40806371,29
40795195,29
40717315,29
425067154,29
150029275,29
41487605,29
150361737,29
167250176,29
167248140,29
167247946,29
150065109,29
150063627,29
404763926,29
142109251,29
260472456,29
142148228,29
150250617,29
277172433,29
277103955,29
276866031,29
167343976,29
167342488,29
167339633,29
167338863,29
389923735,29
389570470,29
389501533,29
389368692,29
150361768,29
260239455,29
260239338,29
278862747,29
278822707,29
142014655,29
141913487,29
280865190,29
382265989,29
141097027,29
141096229,29
382199661,29
382189542,29
149477100,29
149474107,29
149902411,29
167363687,29
167344359,29
279957325,29
278988794,29
260189849,29
150298300,29
260162199,29
260161111,29
260128434,29
260127863,29
260075032,29
149215510,29
375034551,29
150357290,29
167554037,29
167418898,29
149479101,29
257721425,29
257720864,29
150187908,29
309658086,29
293271518,29
293271134,29
293269165,29
293267933,29
350345393,29
150167117,29
150167002,29
149420896,29
176953878,29
150107539,29
373985424,29
373846934,29
141127435,29
141126397,29
150100627,29
382147200,29
350343101,29
350342601,29
350331875,29
348843330,29
149219376,29
231799463,29
231743104,29
149253686,29
179438406,29
141435816,29
141428309,29
372908431,29
372851851,29
370228189,29
176985618,29
176985564,29
176984144,29
176958810,29
176957187,29
176956893,29
364591796,29
141480937,29
350954417,29
350930008,29
373843872,29
150141418,29
373604254,29
149274367,29
350522226,29
141628215,29
350479646,29
350445762,29
150150734,29
350743714,29
350622888,29
177253136,29
177016680,29
350859255,29
350857733,29
350842386,29
350820735,29
350764186,29
370227488,29
350619941,29
350584820,29
141626895,29
150320712,29
150320456,29
179208877,29
179124163,29
179040607,29
149304495,29
765341472,29
737562486,29
735788153,29
502275327,29
150438041,29
150437932,29
150437346,29
41364284,29
41338480,29
41258782,29
167089585,29
167046661,29
167010763,29
166969346,29
150513591,29
150442841,28
150513194,28
166974030,28
167042979,28
150390543,28
41359534,28
41463058,28
41463262,28
425084965,28
425086260,28
425086652,28
733030384,28
734555437,28
737292010,28
737318518,28
737365188,28
765419449,28
179038240,28
179125917,28
150319968,28
350584005,28
141621158,28
141624136,28
350622185,28
370227778,28
141606660,28
350763445,28
350765589,28
350822166,28
350840907,28
176986215,28
149308175,28
350742718,28
150163695,28
350477495,28
350479101,28
141680055,28
150165735,28
350562128,28
179308939,28
373531782,28
373598194,28
350929582,28
141482983,28
358402475,28
364323767,28
364323837,28
364324070,28
149988107,28
176959701,28
149351776,28
150322161,28
372850543,28
373431205,28
179442778,28
149248932,28
231744384,28
257720478,28
31383649,28
31602748,28
348839116,28
373845622,28
374829238,28
374858839,28
141407088,28
374862339,28
375032207,28
176936142,28
149988068,28
141912291,28
293347563,28
309702890,28
31315185,28
167418903,28
167419169,28
167526639,28
149444106,28
149449385,28
167571315,28
149423851,28
375034482,28
375037368,28
141270589,28
382069441,28
149178649,28
260160482,28
260165092,28
279949281,28
279951435,28
279957399,28
167368442,28
167368443,28
149475559,28
382200986,28
382246883,28
149990841,28
141913551,28
287400661,28
142014831,28
278777880,28
141978023,28
278897868,28
278899969,28
260353074,28
149059584,28
389499588,28
141000877,28
141024724,28
389792790,28
389925522,28
150065244,28
149502950,28
260355291,28
260355953,28
276934414,28
277024372,28
277176342,28
277300045,28
260476400,28
260476635,28
260503914,28
41232189,28
391887389,28
404850274,28
404852431,28
404854454,28
167168632,28
167206326,28
167207589,28
167250266,28
41464526,28
41464899,28
150031443,28
407633895,28
40893005,28
41168549,28
41227922,28
260709282,28
261059311,28
276793644,28
276860175,28
150394361,28
150432079,28
425086354,27
425085294,27
150427790,27
149601126,27
270503901,27
276860194,27
142081674,27
142084306,27
260474194,27
142148587,27
260638705,27
260540380,27
150272131,27
260657291,27
261237085,27
261327578,27
278901079,27
150245438,27
260239481,27
149126806,27
150273301,27
260368982,27
260418055,27
276863576,27
150245430,27
260300211,27
149349867,27
150146216,27
350841707,27
150139182,27
150141471,27
364323133,27
141827953,27
293223588,27
31531129,27
150167420,27
179575202,27
179638852,27
149914338,27
31529985,27
350561161,27
279952991,27
260045033,27
149180076,27
150185574,27
260189000,27
287400402,27
278898255,27
150389853,27
41256240,27
41107892,27
41529307,27
407662961,27
40603990,27
41230564,27
389865251,27
149542119,27
391949001,27
404768964,27
167120830,27
167125515,27
167125519,27
391745744,27
391745571,27
389328965,27
382200946,27
382245852,27
167549709,27
167603080,27
176872638,27
150144933,27
141531768,27
141622065,27
177240597,27
150164445,27
350709413,27
141547396,27
350477270,27
350522225,27
150165182,27
375034285,27
176935871,27
149388662,27
364304850,27
373765872,27
176959991,27
373594903,27
404968457,27
404769646,27
167087316,27
150440362,27
167338050,27
382256774,27
149502001,27
373844472,27
374857047,27
141272004,27
375037245,27
382160281,27
382033395,27
382186532,27
373844388,27
167551845,27
167551757,27
149628795,26
149630824,26
150271169,26
276861919,26
149625812,26
735972196,26
276793444,26
261332418,26
141945095,26
149156748,26
260269456,26
260297640,26
260417220,26
276863693,26
277300384,26
277015378,26
278775103,26
141979739,26
260505914,26
260657210,26
276860494,26
276859664,26
350478924,26
179246484,26
31382009,26
278992516,26
279952379,26
278867391,26
141975903,26
287400996,26
287400588,26
279955276,26
141977076,26
31601457,26
287403631,26
287401203,26
31533454,26
179443276,26
179385044,26
141625087,26
374861869,26
141333573,26
176982477,26
150140723,26
350839744,26
141606986,26
141685465,26
149474739,26
382157212,26
373915220,26
375035002,26
391746189,26
389325751,26
389363745,26
389365607,26
149992221,26
149990367,26
391746008,26
404933947,26
150062649,26
167304005,26
167125872,26
167126073,26
404932577,26
391823416,26
150029382,26
391809264,26
41112771,26
167085840,26
41485573,26
149574542,26
150443238,26
149445159,25
736595224,25
149449388,25
734556099,25
150428935,25
149630147,25
404965649,25
404965477,25
731484592,25
260296875,25
260075919,25
149601263,25
260298958,25
41229199,25
391746141,25
391746326,25
391809072,25
391746343,25
391746328,25
404850840,25
260370234,25
260656380,25
142142450,25
389921108,25
350343735,25
350620011,25
733116725,25
732235000,25
41590169,25
41358832,25
150323684,25
31532625,25
149543900,25
350342975,25
167247143,25
150191881,25
277301936,25
277301232,25
277173427,25
277108449,25
167010833,25
167012000,25
374861595,25
166970183,25
277098905,25
276864021,25
278684745,25
142085649,25
377017255,25
382030585,25
382028301,25
260542286,25
141610916,25
278866211,25
41591173,25
276861431,24
150433579,24
149665755,24
389570196,24
404851936,24
407661994,24
149445258,24
41172972,24
260132330,24
150066631,24
149218335,24
391746270,24
150098575,24
149120706,24
141121335,24
404763306,24
260415914,24
179246511,24
150319693,24
167208380,24
350766856,24
167166946,24
309755088,24
278820988,24
278861826,24
375035828,24
350741703,24
350716888,24
293270257,24
142054024,24
374862395,24
276864298,24
277100604,24
364323003,24
141770592,24
167201721,24
31313085,24
167123437,24
141480394,23
141708337,23
141628339,23
142050046,23
309615189,23
309659124,23
167043669,23
41232835,23
41256266,23
41464376,23
150168739,23
309655922,23
150247134,23
150361489,23
350933090,23
278955132,23
350929806,23
350931082,23
277099961,23
382032572,23
374942490,23
149603071,23
382303398,23
260268105,23
260267530,23
260190547,23
389366376,23
260355230,23
260419882,23
260417932,23
150358579,23
425083927,23
425084139,23
149993445,23
391744055,23
309658394,23
309755356,23
375058244,23
260709484,23
260004064,22
260044482,22
260161587,22
260130129,22
260079189,22
404926864,22
41231040,22
150431617,22
734603429,22
734548584,22
167549377,22
176875517,22
176934407,22
176957154,22
389564031,22
150029265,22
260476837,22
260507409,22
382102385,22
260538104,22
382146692,22
382157531,22
149479134,22
150273402,22
382243958,22
382259542,22
382260314,22
388202207,22
149126400,22
257720712,22
278776514,22
278775329,22
142105299,22
142105466,22
261332760,22
142086166,22
167344197,22
260636889,22
260639999,22
261399229,22
358402382,22
364325969,22
364323805,22
277100123,22
276864697,22
276864691,22
167338355,22
142017826,22
278959976,22
350861103,22
278822321,22
278822664,22
350954272,22
278777282,22
348841387,22
31312954,22
309699574,22
278991483,22
167206099,22
293224824,22
31313111,22
150150095,22
141610486,22
309657355,22
350519062,22
350623060,22
167121881,22
31532870,22
31412505,22
31386156,22
150185722,22
141712726,22
425069664,22
734531490,22
41488282,22
150393497,22
149302339,22
149302338,22
177253429,22
149450584,22
55405087,21
149347772,21
177253202,21
177254247,21
177256161,21
149914390,21
150431839,21
150431816,21
150431804,21
150431712,21
150431571,21
150431148,21
260074479,21
260045258,21
260044119,21
260043884,21
260043056,21
260041957,21
260002962,21
260002718,21
257721005,21
141709997,21
350344559,21
350335823,21
350334181,21
141755414,21
350331962,21
350331911,21
350299541,21
141757441,21
350656684,21
350655951,21
141756992,21
350295071,21
350295056,21
350294861,21
350274440,21
350477767,21
141685180,21
350433316,21
350841126,21
350841061,21
348839966,21
348839459,21
348839382,21
141805074,21
31381651,21
150188429,21
150187382,21
141811261,21
141757326,21
141757230,21
141711008,21
141810934,21
141808693,21
309756187,21
309755442,21
309755266,21
141823041,21
141823020,21
141822625,21
141811756,21
141811446,21
348841455,21
350655933,21
350519663,21
350519429,21
350480377,21
350478065,21
350742995,21
350740600,21
350714894,21
141607553,21
350709476,21
350708443,21
350933853,21
350933606,21
309699014,21
309698515,21
309659122,21
141866704,21
141865269,21
141865028,21
141826365,21
309616590,21
278896737,21
278865869,21
141871560,21
293347413,21
141911744,21
141910728,21
141910291,21
141942394,21
141915367,21
141914317,21
149970599,21
278988288,21
278988068,21
141811432,21
350824257,21
350820812,21
350862484,21
350862376,21
149573208,21
350859393,21
350844713,21
350843962,21
350843432,21
141471755,21
364589602,21
278960800,21
278956004,21
278955973,21
278955633,21
278900142,21
278899957,21
278899512,21
150249622,21
150249367,21
278776583,21
278865471,21
278864750,21
278864646,21
141975044,21
278863611,21
278825952,21
278824614,21
150359325,21
278822869,21
278822670,21
278822453,21
141974066,21
350931665,21
364328234,21
141478854,21
364326339,21
364324096,21
350954265,21
350953524,21
350934088,21
150103650,21
278779095,21
278778688,21
278778515,21
278777449,21
142013583,21
149498198,21
149498099,21
150249737,21
372849630,21
372849495,21
370227695,21
370227293,21
149988995,21
382044998,21
382044382,21
278728169,21
278727565,21
142017278,21
142017118,21
278725047,21
278684725,21
278779927,21
278779561,21
364587758,21
260708696,21
260708591,21
260658714,21
142052826,21
142085491,21
142084274,21
167309004,21
276666216,21
270557049,21
278731026,21
278729595,21
374907509,21
141410789,21
141422339,21
141425349,21
372851759,21
382043390,21
382041757,21
382041525,21
382033361,21
382032758,21
382028509,21
375090431,21
141280939,21
375055782,21
382198859,21
382190230,21
261157048,21
149497674,21
149497662,21
149497579,21
260708708,21
260476305,21
260476107,21
260475357,21
260471505,21
260655745,21
260654135,21
260610468,21
260609301,21
260609222,21
260608940,21
260605972,21
260605524,21
167344196,21
142109185,21
142109102,21
270429780,21
382160143,21
382157731,21
141156816,21
150441015,21
141156752,21
382147323,21
382100123,21
141157161,21
382265960,21
382265883,21
260507876,21
260506435,21
142142806,21
260502578,21
260502312,21
260501801,21
260162101,21
260420823,21
260419939,21
260419922,21
260419356,21
260416034,21
150274487,21
260415529,21
260415085,21
260414764,21
260368003,21
260541079,21
260538574,21
382190001,21
141127541,21
150101476,21
404805415,21
382265683,21
382259675,21
382259360,21
141089230,21
382244912,21
382244584,21
382202268,21
382201998,21
382198917,21
149157103,21
167416321,21
149473839,21
150358772,21
260189734,21
260188534,21
149930656,21
149914697,21
260132182,21
260132033,21
260127345,21
260080137,21
167420065,21
260078169,21
260077378,21
260077376,21
260076490,21
260075743,21
260075524,21
389565293,21
389323171,21
382266487,21
149473074,21
734606940,21
176874062,21
176873469,21
176871438,21
176870325,21
167602822,21
167573510,21
167572975,21
260075236,21
260074680,21
41035485,21
40895303,21
40800157,21
407662400,21
150429609,21
141771483,21
141770299,21
141770121,21
141769431,21
348842168,21
348841685,21
350432444,21
350432306,21
425056845,21
150030490,21
150393677,21
150029905,21
150323471,21
179204591,21
177281989,21
167527011,21
141806473,20
260041257,20
404925622,20
149450152,20
260046314,20
167417551,20
149176684,20
260078159,20
140997860,20
140997818,20
150431859,20
41030824,20
260131643,20
260163567,20
350434446,20
141713593,20
141709422,20
141709237,20
141709101,20
350430572,20
350346386,20
167570926,20
149449795,20
141808678,20
167086374,20
350336132,20
141682270,20
350518799,20
350518704,20
350481129,20
350480967,20
350480156,20
167571875,20
350477830,20
141686455,20
31312657,20
141627237,20
141626783,20
350562631,20
350562028,20
350561815,20
350560674,20
176870369,20
735179973,20
167203674,20
350560503,20
350559515,20
309659553,20
149473782,20
150358433,20
150358170,20
149155360,20
150300654,20
389667572,20
389570429,20
149253154,20
149253140,20
41089123,20
260192157,20
389564948,20
260268320,20
293224564,20
141912469,20
141609929,20
350708379,20
293347451,20
350708318,20
350622878,20
350619635,20
141870589,20
350582771,20
350744357,20
293221711,20
350744293,20
350743723,20
350743339,20
350741619,20
176875749,20
350715741,20
350715528,20
350715119,20
350714385,20
350840485,20
150189505,20
141544766,20
350767303,20
350765670,20
350764741,20
350764483,20
350764481,20
149902303,20
150356903,20
350764082,20
287438411,20
149121369,20
260300018,20
260298315,20
260351380,20
149302086,20
149275295,20
149274983,20
141028966,20
382267243,20
350954375,20
141484981,20
279953380,20
350858636,20
176931266,20
141530315,20
141527834,20
382259037,20
141096140,20
141095913,20
260355804,20
260355200,20
179304342,20
150321314,20
260369411,20
260368862,20
278898521,20
167249373,20
364325539,20
167006364,20
167005326,20
278957489,20
278957417,20
176954173,20
176937262,20
141943694,20
278988053,20
358402977,20
141435758,20
150360551,20
141472777,20
141472717,20
141472408,20
141436267,20
364589962,20
364589072,20
364588592,20
176955664,20
149391142,20
141480434,20
141978095,20
141479552,20
149601451,20
150391908,20
382246809,20
141121890,20
260416560,20
141096635,20
382190255,20
150029756,20
149037641,20
141124793,20
150101799,20
149498531,20
141413932,20
141413706,20
150107703,20
278775207,20
150249384,20
176959084,20
167304040,20
167303815,20
373431424,20
141272379,20
375034849,20
149933253,20
141333677,20
142084762,20
374911813,20
374911329,20
176980159,20
150032983,20
374859582,20
141123013,20
382160241,20
382160166,20
382159947,20
382159282,20
382157244,20
150441810,20
141153472,20
141152927,20
382030496,20
382028868,20
382028819,20
261104864,20
261090104,20
260710175,20
141269997,20
261377731,20
261260849,20
261258046,20
176983267,20
141216398,20
270503850,20
270429868,20
375056177,20
382044802,20
382044694,20
142107922,20
382042960,20
382042374,20
141211368,20
141210806,20
382032579,20
149347805,20
260708271,20
260659986,20
382030791,20
382101519,20
382099937,20
382099535,20
382068914,20
260608260,20
141185270,20
149346910,20
382068518,20
382067245,20
382067226,20
382066923,20
142107833,20
260638969,20
260540633,20
260504177,20
141152400,20
382147973,20
382147598,20
382145732,20
142109731,20
142109665,20
167525131,20
382101861,20
149219145,20
149218497,20
149930084,20
231801171,20
40893888,20
350297040,20
167570131,20
167554786,20
350296740,20
350295781,20
348843152,20
167162824,20
31528780,19
31511729,19
737161650,19
141766191,19
141714191,19
179580045,19
179576115,19
257721686,19
257721678,19
149218284,19
149929843,19
382032386,19
382031932,19
177241128,19
260537454,19
766010973,19
149220565,19
260640943,19
260541250,19
150102853,19
260474322,19
277016438,19
176980774,19
373522376,19
425086349,19
277103752,19
374859540,19
141123049,19
382186629,19
382148212,19
382156817,19
167367985,19
150441905,19
278960677,19
167005469,19
260369825,19
382198167,19
382189151,19
373985596,19
373921198,19
350522597,19
350768296,19
350744943,19
260271317,19
141606060,19
167040411,19
734279205,19
141542318,19
350582439,19
260304277,19
260305166,19
41110118,19
260269667,19
260271203,19
350953743,19
149572298,19
260352096,19
724164370,19
724582921,19
141532250,19
141530748,19
382259755,19
260351914,19
141092369,19
260372065,19
737482923,19
737458368,19
149176294,19
737323352,19
737418160,19
736948843,19
41029585,19
350432166,19
350445591,19
348839142,19
737323199,19
260265631,19
141608224,19
260266558,19
350654999,19
350583892,19
735377028,19
350559447,19
149304271,18
257720786,18
31511890,18
31415131,18
141757931,18
737266925,18
260605685,18
260606274,18
179635081,18
167343765,18
149251611,18
382045742,18
149628100,18
41594564,18
685152950,18
278821913,18
372850839,18
685088172,18
520100825,18
278731052,18
141126559,18
277021897,18
260541432,18
375089071,18
276789095,18
260367888,18
179244391,18
724162964,18
724525645,18
358402454,18
293220616,18
734465586,18
176874060,18
309619055,18
350654234,18
176871574,18
389796373,18
735193989,18
735247270,18
31311824,18
389863815,18
149976187,18
150361911,18
150390189,18
167086201,18
737473262,18
41085097,17
375032331,17
167527065,17
350716073,17
734424363,17
737478443,17
389568754,17
150389603,17
41115548,17
736170042,17
261380314,17
31380039,17
167364354,17
31529035,17
179440289,17
150324787,17
167439141,17
141611784,17
150439974,17
260709051,17
31410025,17
41083578,17
149394317,17
149219729,17
391889973,17
364591159,17
372852036,17
40602710,17
391744596,17
141869967,17
260657440,17
149102602,17
309792137,17
150189557,17
735252697,17
150357064,17
150443185,17
350342269,17
287402009,17
375036675,16
149160778,16
41170667,16
373596273,16
31311109,16
735172112,16
149174576,16
260004371,16
149392671,16
389674742,16
734469552,16
40803714,16
293270273,16
350479736,16
150031766,16
735362012,16
735736638,16
141214102,16
231802287,16
280049327,16
149630734,16
733030356,16
734518244,16
141910298,16
149975676,16
309759365,15
142142321,15
150031040,15
31511621,15
150107221,15
418343229,15
179245957,15
141425049,15
260636730,15
41108576,15
685186253,15
735229757,15
141610473,15
389800935,15
376595143,15
31512254,15
149160359,15
733811224,15
389864558,15
350443596,15
31408736,15
150140166,15
150139263,15
149629043,15
141606563,15
277104322,15
141808675,15
736160226,14
736917779,14
167085203,14
382147080,14
142081623,14
41259321,14
141611237,14
141186325,14
149990865,14
141187082,14
149450465,14
418348129,14
350740905,14
141334793,14
374944737,14
350821761,14
350841132,14
167305187,14
278685466,14
350443738,14
445805961,14
149989242,14
278987013,14
31411541,14
685184353,14
278864459,14
31415544,14
149269166,14
389922504,14
138171285,14
309658809,14
309658811,14
260416748,14
260128957,14
734555682,14
141624979,14
150320610,14
149450458,14
260243057,14
260243059,14
138168780,14
179637675,13
150272965,13
404768475,13
737187582,13
404768652,13
382145619,13
149105516,13
150432514,13
179440946,13
382186170,13
150433270,13
179381768,13
179638714,13
179639907,13
149601408,13
231740631,13
179304683,13
142110536,13
141625605,13
141682921,13
350584814,13
350332540,13
350621055,13
392011985,13
149934667,13
142106818,13
142107618,13
150165810,13
150274071,13
293223295,13
149600141,13
150272148,13
150272656,13
350621525,13
141212720,13
350522251,13
167340913,13
382032265,13
382032289,13
260659412,13
149449814,13
149975922,13
313242194,13
404854539,13
177017070,13
141268605,13
142087047,13
179122049,13
177252917,13
150391386,13
141028198,13
179305195,13
150064737,13
149274310,13
149273299,13
260371228,13
41337760,13
150162697,13
141810059,13
389438111,13
276787778,13
276789915,13
41361938,13
167309434,13
141625274,13
389866447,13
167119232,13
31380847,13
350562418,13
150099511,13
276869010,13
277017695,13
142052277,13
167571928,13
149303312,13
150321663,13
40802886,13
734548585,13
149303648,13
350841880,13
142051786,13
374858678,13
231801885,13
373849012,13
373846742,13
167551097,13
166969516,13
141422340,13
141531810,13
724466209,13
391744540,13
391744286,13
313193981,13
373682908,13
150145456,13
286134174,13
350857591,13
350860063,13
350860631,13
373594111,13
373594336,13
734535817,13
150250528,13
138042556,13
313144249,13
176957378,13
176957796,13
142108935,13
280037554,13
280046713,13
350581264,13
278777898,13
141424643,13
278991333,13
350931342,13
167251459,13
370227166,13
372850169,13
40719527,13
150359982,13
278824686,13
370224285,13
350345734,13
141482802,13
278989077,13
389673017,13
309656200,13
150101617,13
309655359,13
149391878,13
167342845,13
149218350,13
364327160,13
141473594,13
141977086,13
309617010,13
278955076,13
167006919,13
278897420,13
150393064,13
41032824,13
176958076,13
167601498,12
150296848,12
150298573,12
150299078,12
150299167,12
150299576,12
149175633,12
260159884,12
260162582,12
260164415,12
260187885,12
260188537,12
389801637,12
309756839,12
309758235,12
309759819,12
309789630,12
309789721,12
309790592,12
309791203,12
260242762,12
141024799,12
149156042,12
149156139,12
167168801,12
167169110,12
309704701,12
309754803,12
309755127,12
309755236,12
150389142,12
150390260,12
141628305,12
141680681,12
260240167,12
41088191,12
41089957,12
179381410,12
179435530,12
179437520,12
179437523,12
179438408,12
350520323,12
350522186,12
309702975,12
141811734,12
167165143,12
167165990,12
309657877,12
309658011,12
149124813,12
149125418,12
149125949,12
149126060,12
260244081,12
389371332,12
389437365,12
389440520,12
389442087,12
260193336,12
260239085,12
149124536,12
309659436,12
309659595,12
309699893,12
350522436,12
350559147,12
350559969,12
350560188,12
150165169,12
167203486,12
149538780,12
309617906,12
309618238,12
309618860,12
260270161,12
260270558,12
260271556,12
260271591,12
260295715,12
388202174,12
389320701,12
149993720,12
149993861,12
150437023,12
260265964,12
260267182,12
382268382,12
382269606,12
382302241,12
382302446,12
382303213,12
382303423,12
260300158,12
149101411,12
149101838,12
149102791,12
149121291,12
149121728,12
260305873,12
260350787,12
260351252,12
41110382,12
179309868,12
260351274,12
309655077,12
167548698,12
167548779,12
167549256,12
167549278,12
150165311,12
382258929,12
382260153,12
149060687,12
149060709,12
382266748,12
141029693,12
141030825,12
149103941,12
149105107,12
179247336,12
149601557,12
260355239,12
260355694,12
260356438,12
260368324,12
260368482,12
141093029,12
150166584,12
309616776,12
309616942,12
141827705,12
141867627,12
167201914,12
167203424,12
141625159,12
260371427,12
41174398,12
150321162,12
150321330,12
150321512,12
179243106,12
179246025,12
382244461,12
149473394,12
149902539,12
382257055,12
382257117,12
382257287,12
150391733,12
260369414,12
260370211,12
141627268,12
141909281,12
309615768,12
350563094,12
350581132,12
350582896,12
141868094,12
141868115,12
141868188,12
141869724,12
382199409,12
150274649,12
150275309,12
260416153,12
260416289,12
260416361,12
141122198,12
382201238,12
382201815,12
382202081,12
41174483,12
41226414,12
41228464,12
150029502,12
150029651,12
179232256,12
179235088,12
179236213,12
150319903,12
150320891,12
150321028,12
150099049,12
150099520,12
150100075,12
260472324,12
141123588,12
382187513,12
142148712,12
149037452,12
149037841,12
141612314,12
141621631,12
167549317,12
167549858,12
150513276,12
382148028,12
382157794,12
382159540,12
142110487,12
167364359,12
167366359,12
382187206,12
141123349,12
179213889,12
179213914,12
141154946,12
142142316,12
142142718,12
142143115,12
150442202,12
176871292,12
734560548,12
141622119,12
141624173,12
350585491,12
350620911,12
350621085,12
350621680,12
350622733,12
350652586,12
350652801,12
350653237,12
350654157,12
260508001,12
260537783,12
260542558,12
41258067,12
177258471,12
179126588,12
179200310,12
179203855,12
41464478,12
41481441,12
260542756,12
142108251,12
142108746,12
142109283,12
382145868,12
350344162,12
382147216,12
382147310,12
260505455,12
167344582,12
167363521,12
260542628,12
41259946,12
278957617,12
41361844,12
278897742,12
278897586,12
149302825,12
167552045,12
350296863,12
141610759,12
141610990,12
350297451,12
141611276,12
141611504,12
350298319,12
141611845,12
350654929,12
350655914,12
293273274,12
293345700,12
293346024,12
141609393,12
149247707,12
260609330,12
260609876,12
260609974,12
260635761,12
407662670,12
407663641,12
141187010,12
31532510,12
31600402,12
167342936,12
167343238,12
167344559,12
31600441,12
149346267,12
149347365,12
177253935,12
177254462,12
177254984,12
141807629,12
149450766,12
141157180,12
141183901,12
141807811,12
382043098,12
382045211,12
382065941,12
260638826,12
142106581,12
142106624,12
348795914,12
142107367,12
149252305,12
350711233,12
737165368,12
141910790,12
141911201,12
179637810,12
293270302,12
293272264,12
293273125,12
293223290,12
179641113,12
293224065,12
293225396,12
293225578,12
293225591,12
293268518,12
231740940,12
141187382,12
231743190,12
150272646,12
179636847,12
179637027,12
260659028,12
141211998,12
179637167,12
350332161,12
382043075,12
167340343,12
141714161,12
149598676,12
149450941,12
149472915,12
41589179,12
149347729,12
149348488,12
149349809,12
149350447,12
177241027,12
177242130,12
177242696,12
382028903,12
382030292,12
167342459,12
149479703,12
142104850,12
141755687,12
31382733,12
150513824,12
350332253,12
350335941,12
141909481,12
350712871,12
350713181,12
350714749,12
350336131,12
149423299,12
149423694,12
149424264,12
176871672,12
176871743,12
350336553,12
150324841,12
150355888,12
375063025,12
375089061,12
375089118,12
375089285,12
375090717,12
261059390,12
261061505,12
261061652,12
261135846,12
261207354,12
376593757,12
231802260,12
377017226,12
382028501,12
176986832,12
231743198,12
141216820,12
141268280,12
231744905,12
141269407,12
261258146,12
142086081,12
231798010,12
142087258,12
149219092,12
141271078,12
375062455,12
276668416,12
276783354,12
375061039,12
149219882,12
150430115,12
150430275,12
179583146,12
40605409,12
150032294,12
150323994,12
150324354,12
176981833,12
276793048,12
276793468,12
276860478,12
276861077,12
40715891,12
375055919,12
375056898,12
270427063,12
270557134,12
40716446,12
167040689,12
167042170,12
167043916,12
167044654,12
149930471,12
350716203,12
150301189,12
150146973,12
260002828,12
150164124,12
141548474,12
141605982,12
150107176,12
260002934,12
150270979,12
260004559,12
375033506,12
375035502,12
375035557,12
404971384,12
40804568,12
141284411,12
179445102,12
167308501,12
179516259,12
167337440,12
167339916,12
276864037,12
150105383,12
179516800,12
141941365,12
179518944,12
288979840,12
727599699,12
729292215,12
729323047,12
733027940,12
179579984,12
150188663,12
150356906,12
31380500,12
374943988,12
374944215,12
374944461,12
350336617,12
167120384,12
142082796,12
142082832,12
142082932,12
142083277,12
142083281,12
374995550,12
150323643,12
277101162,12
374910736,12
374911794,12
276936273,12
276947628,12
350343412,12
350343537,12
142081602,12
141809729,12
374943895,12
150357442,12
176873364,12
350765470,12
350766012,12
141542826,12
141543620,12
141544861,12
167524310,12
167204699,12
167205767,12
167244982,12
141914301,12
150188759,12
150189070,12
149970875,12
149971055,12
277099137,12
177240587,12
149347608,12
425069313,12
176980457,12
176981308,12
150062883,12
277105522,12
150063321,12
141407159,12
141407201,12
141408445,12
141410961,12
374859744,12
374860651,12
142081711,12
142081973,12
142082548,12
149971277,12
149973044,12
150063580,12
149539894,12
149539918,12
350823117,12
350824549,12
350839681,12
350841048,12
257720966,12
257721308,12
350842149,12
350843192,12
350843672,12
142048447,12
142049346,12
142050276,12
142051154,12
149216845,12
142052086,12
373983838,12
373984739,12
373986482,12
149217213,12
374858736,12
141336513,12
149217342,12
141423450,12
149218036,12
373849038,12
277173789,12
277174595,12
277298575,12
277300924,12
149498548,12
149499578,12
277172664,12
277172728,12
277173642,12
149215262,12
149600738,12
149503727,12
167439153,12
167306166,12
167306673,12
149976276,12
167570613,12
141528280,12
141530700,12
149445580,12
287298253,12
724424609,12
167570893,12
176931156,12
176931664,12
176932421,12
176932493,12
287298669,12
373688703,12
373689057,12
373767598,12
260045558,12
260046469,12
373843857,12
260074933,12
278726558,12
142018328,12
373846088,12
167303794,12
142018697,12
142019056,12
278727749,12
278729622,12
373599590,12
373599709,12
373606593,12
373679564,12
260075804,12
287400445,12
350843761,12
150142207,12
150144121,12
150145438,12
260076448,12
150145711,12
260076744,12
167524552,12
350859549,12
149988059,12
350860151,12
141709436,12
141709846,12
350433330,12
373595638,12
391812839,12
373597981,12
373598648,12
150249543,12
150249679,12
150249771,12
167304218,12
391813303,12
391821647,12
392011927,12
167417154,12
167418152,12
167418277,12
279957197,12
279957416,12
279958567,12
150430616,12
280040060,12
150430829,12
280047382,12
150431120,12
150431518,12
278778068,12
150431599,12
141407149,12
141425549,12
141425702,12
141426525,12
141428114,12
373521839,12
373522149,12
350861676,12
350861996,12
278990881,12
278991073,12
278991250,12
140998008,12
279950423,12
350929416,12
149179451,12
350934357,12
350953636,12
141482386,12
149989781,12
278822171,12
278822450,12
278823339,12
278823747,12
167251167,12
260127304,12
150142115,12
140998816,12
350434381,12
350434470,12
141471029,12
141683400,12
150361751,12
278824264,12
141683401,12
278825448,12
278825453,12
141684647,12
149988411,12
149988981,12
141687205,12
350445872,12
141484123,12
141944417,12
141945750,12
278989053,12
350446400,12
141486105,12
358402589,12
358402746,12
350477637,12
176957349,12
670881852,12
364588931,12
278861481,12
278862900,12
278863150,12
278863500,12
350477992,12
358459207,12
364302998,12
684404985,12
149161075,12
40904619,12
176935965,12
176936806,12
149391535,12
41030435,12
149392092,12
41031619,12
278865906,12
141481307,12
149390565,12
55401965,12
41033344,12
176955342,12
176955610,12
176956387,12
176956403,12
167246904,12
364326554,12
364327045,12
389922308,12
364327513,12
364327514,12
389924116,12
141473617,12
389925375,12
141977932,12
278864123,12
391744126,12
166975595,12
167004001,12
167004255,12
391745696,12
278957039,12
278957406,12
765419969,12
278959355,12
167005481,12
167006378,12
260128741,12
167248904,12
167248994,12
167249123,12
167249993,12
278900446,12
278895603,12
278895682,12
278897282,12
278897378,12
260128890,12
167551205,12
737171677,12
278898597,12
167163041,12
167163980,12
167164253,12
260129352,12
31508244,12
350479496,12
167572674,12
350294658,12
350295618,12
350296791,12
348839915,12
149570686,12
149571506,12
167554274,12
764704688,11
764680528,11
737516948,11
737413214,11
737396162,11
737385469,11
737369807,11
737331592,11
737320592,11
167124956,11
167121581,11
348841866,11
179639601,11
179637509,11
350333328,11
150185586,11
150188071,11
231796489,11
231796533,11
149218072,11
150428249,11
407633113,11
40901715,11
138350803,11
40716825,11
40716826,11
150302230,11
150318672,11
141975448,11
364591238,11
150247039,11
364304225,11
364306308,11
176935090,11
176936580,11
176936634,11
278864424,11
364541362,11
149393781,11
149394257,11
149421220,11
176954655,11
167246811,11
364326610,11
141469740,11
150361104,11
364592438,11
149989535,11
150247093,11
141944800,11
141945112,11
141522677,11
350953826,11
150246394,11
675270883,11
364589257,11
278826115,11
278826516,11
278861868,11
141974495,11
372852125,11
142015623,11
278778758,11
141423812,11
141428620,11
167303881,11
149573222,11
149574386,11
279949279,11
279950551,11
149989975,11
278823972,11
370225718,11
372851229,11
372851608,11
364592166,11
141980295,11
425083794,11
425084388,11
425084797,11
176958411,11
176960094,11
149351763,11
149388641,11
167008987,11
167010740,11
167011964,11
279952371,11
279956577,11
279957640,11
279957784,11
149572646,11
278728765,11
278729713,11
373600055,11
373602097,11
373602410,11
150144570,11
150144941,11
350858696,11
149390282,11
373528752,11
373593195,11
373594771,11
150249802,11
150250057,11
150361803,11
167304016,11
277317109,11
278685053,11
166975502,11
141423033,11
149393230,11
724441905,11
724487497,11
724776782,11
725694884,11
150108651,11
150108811,11
373779371,11
373840004,11
373843238,11
373846140,11
167303666,11
277109064,11
277171889,11
141412290,11
149539621,11
350824806,11
142019171,11
373917816,11
277102172,11
277300141,11
277300709,11
149501485,11
277172038,11
149600852,11
149600859,11
154340851,11
149503544,11
138025887,11
276934352,11
277018227,11
277025094,11
277025286,11
277025799,11
277026019,11
277028154,11
277099094,11
425058250,11
425083216,11
176980882,11
150322286,11
150322544,11
277108325,11
277108350,11
167307403,11
167338701,11
167338859,11
276863889,11
374997668,11
150104694,11
150105822,11
287400952,11
728699610,11
730543928,11
733363472,11
276865044,11
276865125,11
276869095,11
142083629,11
374945124,11
276793501,11
276793626,11
375055905,11
375055995,11
375057226,11
167042054,11
150148658,11
141547979,11
150106553,11
150106948,11
150250959,11
150271738,11
149931754,11
375034962,11
375035218,11
141334555,11
260709500,11
167339945,11
176875333,11
150324656,11
150355764,11
376595217,11
377017161,11
176985427,11
142085569,11
375061802,11
276667896,11
418343111,11
420574964,11
176984236,11
276793098,11
276793178,11
149934431,11
149935043,11
382045780,11
141909444,11
149599971,11
260654201,11
260655117,11
260658128,11
382042904,11
41529833,11
41592615,11
41595212,11
382029009,11
382029529,11
167342095,11
142104686,11
167527371,11
293346194,11
350711056,11
382102348,11
382144114,11
167343133,11
167343794,11
41482876,11
41486441,11
138046660,11
149346498,11
149346675,11
177255509,11
260641076,11
149933776,11
149933986,11
150442268,11
150443046,11
260537509,11
260541852,11
41256025,11
41256040,11
149306712,11
179043292,11
179208856,11
142109484,11
149497904,11
382144171,11
260605206,11
41260743,11
41364651,11
167526476,11
141128060,11
149036758,11
141612221,11
734469567,11
734505586,11
734515801,11
734521675,11
734536579,11
734558701,11
260476683,11
260502759,11
150098979,11
179210651,11
179210681,11
141154115,11
167367933,11
150272918,11
150272940,11
150391740,11
309614824,11
350581055,11
141867895,11
382190257,11
141121080,11
150275459,11
260417971,11
149038292,11
150034784,11
41255790,11
260419124,11
142146238,11
141127253,11
150438035,11
382257554,11
382258167,11
382258769,11
149100850,11
141094861,11
150166549,11
350561409,11
309616652,11
141625559,11
260414584,11
167368506,11
41173048,11
41173156,11
149902814,11
149913636,11
179373205,11
734597559,11
735181619,11
735188665,11
735196167,11
735201284,11
167603285,11
167603396,11
167549024,11
382259746,11
149039116,11
149039308,11
149059708,11
149059950,11
149625254,11
149625258,11
149902176,11
150098564,11
389365864,11
309659145,11
149539016,11
149991578,11
150432634,11
382268136,11
149101008,11
260269822,11
41111517,11
138122054,11
179304909,11
149272739,11
149274422,11
179317801,11
41109842,11
350520509,11
350521141,11
309700725,11
149125483,11
389509682,11
260239097,11
260268121,11
260268381,11
260269519,11
149106599,11
149107585,11
149601140,11
149631344,11
149664254,11
149665462,11
141025841,11
389569658,11
389625036,11
389625174,11
149158724,11
149158789,11
389667736,11
389672526,11
389672553,11
167168420,11
167169234,11
309703701,11
150389428,11
150389760,11
260239272,11
260239321,11
260188418,11
260189859,11
260190161,11
149155440,11
389746522,11
389749904,11
389749953,11
389790856,11
389797076,11
309759328,11
309792043,11
350481307,11
350481517,11
167167306,11
167167844,11
260241844,11
389923456,11
350479471,11
735204743,11
735239994,11
735268846,11
735287154,11
167600734,11
167600746,11
389865008,11
389865537,11
150296560,11
260161186,11
260165093,11
389921497,11
389746092,11
260188153,11
179438643,11
179439014,11
179439249,11
150098012,11
150098169,11
150098198,11
350433778,11
350443749,11
350478801,11
140995987,11
40971930,11
149269556,11
149271978,11
179438607,11
389922104,11
389922871,11
404852217,11
404853236,11
167524365,11
149976395,11
350345404,11
313195588,11
350430801,11
350431142,11
350432976,11
350433272,11
350433379,11
391814255,11
391815407,11
149177049,11
404765784,11
404768904,11
404854872,11
404926795,11
404934352,11
260005298,11
736217607,11
736592934,11
149446099,11
149449615,11
736603891,11
737123430,11
404768912,11
140934621,11
260077230,11
404769161,11
404850155,11
404851207,11
40800142,11
40898510,11
179442777,11
350342848,11
167085372,11
167524113,11
167524340,11
404965397,11
150062772,11
404965983,11
404970655,11
257721027,11
257721280,11
149215481,11
149216864,11
404853842,11
348795934,11
737163462,11
167551581,11
167551648,11
737264926,11
737267528,11
737277425,11
350296838,11
149251443,11
149251911,11
40796053,11
40797468,11
40797555,11
40799637,11
179638690,11
179639063,11
141977795,11
141979579,11
278863889,11
167004593,11
167006262,11
167007932,11
364325752,11
167247124,11
278895597,11
167246729,11
137985230,11
766165175,11
766122851,11
167125641,11
149542709,11
348842563,11
767018059,10
373916926,10
277315482,10
149503144,10
277176454,10
737436327,10
737435475,10
737435093,10
737398019,10
31529090,10
31528507,10
374861626,10
277024243,10
278726770,10
278725781,10
150140320,10
150140079,10
276864676,10
374944608,10
373778750,10
150248133,10
167303152,10
374941082,10
374997308,10
737256127,10
736941827,10
736614648,10
737437708,10
141335787,10
276864159,10
373523051,10
142014932,10
142014618,10
141334585,10
167573692,10
167573283,10
735966989,10
735599397,10
735499807,10
150271299,10
373431012,10
278821153,10
278821126,10
150105613,10
150105603,10
141280240,10
370227484,10
375037787,10
375036247,10
276860287,10
375035764,10
150107262,10
375057753,10
735242263,10
167602473,10
735199432,10
735175285,10
734596708,10
270557309,10
278824457,10
150361503,10
375057622,10
375089514,10
141471392,10
278863708,10
278825764,10
375063777,10
734480726,10
734457392,10
150356406,10
149423174,10
734403539,10
734362418,10
734259117,10
734028463,10
734027615,10
735400632,10
141479547,10
377017343,10
261090013,10
260710080,10
142100389,10
364327221,10
382028930,10
176874812,10
150356509,10
150356424,10
732233859,10
167008868,10
278957439,10
149599189,10
149576148,10
167341861,10
150245754,10
150245614,10
150191583,10
278987280,10
141212881,10
728327411,10
728176868,10
176932711,10
176931617,10
176930802,10
726293043,10
726201011,10
724651543,10
724513401,10
357185041,10
382043299,10
149933273,10
141183894,10
382068685,10
278989341,10
141945465,10
142107821,10
142105882,10
141484509,10
703200374,10
685144667,10
676551363,10
149422087,10
149420596,10
149420149,10
728972271,10
350934110,10
278990321,10
260604507,10
167343508,10
382069125,10
260609053,10
141155352,10
141806292,10
520915098,10
471015190,10
141153836,10
260540242,10
260538033,10
260537387,10
260503442,10
350861689,10
149572720,10
279955581,10
382160069,10
382159806,10
142142602,10
142119593,10
167368102,10
167367091,10
167366792,10
141156105,10
167123931,10
141770085,10
348840436,10
445806156,10
260420535,10
260420530,10
287400644,10
287299191,10
141096492,10
350843466,10
382187347,10
167245303,10
382256148,10
149913913,10
149913647,10
149913419,10
149902847,10
382200997,10
141122677,10
149100764,10
149541780,10
167125688,10
149570380,10
425084702,10
137996465,10
141545037,10
141544494,10
141033984,10
150437479,10
149602615,10
260369618,10
176984889,10
348842907,10
150032341,10
150031624,10
149308317,10
149348101,10
149060653,10
350767755,10
287401358,10
141094672,10
382303540,10
382302748,10
141547830,10
150162745,10
293219622,10
141030168,10
389368279,10
141752787,10
141756821,10
350295773,10
41593971,10
41531112,10
389364321,10
150391226,10
149102006,10
350742965,10
167084298,10
167039570,10
149154717,10
149124218,10
260242736,10
149347103,10
31388279,10
149628632,10
149628216,10
31384768,10
293269164,10
141912903,10
389564663,10
350710006,10
389625857,10
149155443,10
149475098,10
389869337,10
389865710,10
150066550,10
150393796,10
350341753,10
150188659,10
31379617,10
150065945,10
302396416,10
350653658,10
389919362,10
260187599,10
260159769,10
140996421,10
150097991,10
150068119,10
350621275,10
350621019,10
350619243,10
350343619,10
167121003,10
167089732,10
167085521,10
41463282,10
41462913,10
149628034,10
391948977,10
404800309,10
260046422,10
260045375,10
140935469,10
404933915,10
404930211,10
141627846,10
141627126,10
350562853,10
350562124,10
404855494,10
149450435,10
404851968,10
404851658,10
41261064,10
138074750,10
350561808,10
309618094,10
149539292,10
150063444,10
260042074,10
404934120,10
404934011,10
150164774,10
313194972,10
313144297,10
350345533,10
150320235,10
150319639,10
150029918,10
41230546,10
150428173,10
149218890,10
150300870,10
149247623,10
179639033,10
141811368,10
179512164,10
179507124,10
167169829,10
41228237,10
31308205,10
41113406,10
138168262,10
41032744,10
40977330,10
41087538,10
41087248,10
179439373,10
31273008,10
350479891,10
149269622,10
350445929,10
350443391,10
149253173,10
41109040,10
41108888,10
137983527,10
765180733,10
737495943,10
737490894,10
374858703,10
374861473,10
277101026,10
277100703,10
149600639,10
142016907,10
277103906,10
277103687,10
277101323,10
277101256,10
137985716,10
766068759,9
41229386,9
41089555,9
374859044,9
179436383,9
179437721,9
373986022,9
278684025,9
166971528,9
141423371,9
737283511,9
31604176,9
31604303,9
31604551,9
31527078,9
31527115,9
374941285,9
150249606,9
40975922,9
40975950,9
40976164,9
40976586,9
40976749,9
312814091,9
374909017,9
374910314,9
150108205,9
373843731,9
278685317,9
374911241,9
350433035,9
350433243,9
350433946,9
179241385,9
41228489,9
350478835,9
31268024,9
31269391,9
149269965,9
149271303,9
179439059,9
41088155,9
41088619,9
40975842,9
309755797,9
150389127,9
179441193,9
179508816,9
179575669,9
179634514,9
350480436,9
350518308,9
41034828,9
41083208,9
41170928,9
141713189,9
231741055,9
179637067,9
149248969,9
149220445,9
149914329,9
149930994,9
41229162,9
41083221,9
167084349,9
167084916,9
167085180,9
167303335,9
278775533,9
167306694,9
167304967,9
167304994,9
141979734,9
142014503,9
141335553,9
150034948,9
179214959,9
41254937,9
350520311,9
309700460,9
149252225,9
374996773,9
736627638,9
737056520,9
167553982,9
167555039,9
735829780,9
735869342,9
179040325,9
41335086,9
313240124,9
141809962,9
149220378,9
150395529,9
40719772,9
309703302,9
309657054,9
309657720,9
350522254,9
150164523,9
41365130,9
149444545,9
149444563,9
149445928,9
735230697,9
735360704,9
375033146,9
375034775,9
150141813,9
167250296,9
372852043,9
149216551,9
404853615,9
167201105,9
140932876,9
140935044,9
41254954,9
260042414,9
257721780,9
149538123,9
149539101,9
150166711,9
167419950,9
149179607,9
391810774,9
400025557,9
150168785,9
41337525,9
138169785,9
141281742,9
141282097,9
150106601,9
150107214,9
278779134,9
278780359,9
375057431,9
150361513,9
278825345,9
149988216,9
270477165,9
167571192,9
149302507,9
350343297,9
167089191,9
140936810,9
260042505,9
140966607,9
140993620,9
350562918,9
167550342,9
149422096,9
149422911,9
735171154,9
735188171,9
176872304,9
141267791,9
261377842,9
278826056,9
278863757,9
140998337,9
141610661,9
302381397,9
302381745,9
400093704,9
400103802,9
141869060,9
141909098,9
149178675,9
167417494,9
138108399,9
150188097,9
149626644,9
141623866,9
350619410,9
350620039,9
364590678,9
376539888,9
376540273,9
375056507,9
375056704,9
375056752,9
261107200,9
364327598,9
141479412,9
141976598,9
150298433,9
149175911,9
260159673,9
389570172,9
389920400,9
149161200,9
149174992,9
138107363,9
138107841,9
141480953,9
734315873,9
176873680,9
141187625,9
382027988,9
149479352,9
260188015,9
389506413,9
389563717,9
389568798,9
149626650,9
260190023,9
389747659,9
389751082,9
389795430,9
278897960,9
382032911,9
382032993,9
364303554,9
364306244,9
278955182,9
734494722,9
729568672,9
730764381,9
31388194,9
31409615,9
31410133,9
31412215,9
350335633,9
41527074,9
149474494,9
149478361,9
167416504,9
149156180,9
141607898,9
389743328,9
731049630,9
731282597,9
141187719,9
260657395,9
141211966,9
141215141,9
382041735,9
150244720,9
350742478,9
389503806,9
260268310,9
293225105,9
293268006,9
260241246,9
150246925,9
364303507,9
382032129,9
154340663,9
149576407,9
260653938,9
149934590,9
382043269,9
357185902,9
357233647,9
425081069,9
41533230,9
41590620,9
41591536,9
41596856,9
389369718,9
176931562,9
176934053,9
727859187,9
728090519,9
705244482,9
382066323,9
142106969,9
150247869,9
150162739,9
141915003,9
260304085,9
141091923,9
260351621,9
149121086,9
149664212,9
150146541,9
150146700,9
150147276,9
278989361,9
260637875,9
142109874,9
149497980,9
278989828,9
149307780,9
31412845,9
350274791,9
141032422,9
382268131,9
293221358,9
279464768,9
670868877,9
680161894,9
685155852,9
149573437,9
350861038,9
468832904,9
350821320,9
31513962,9
31513988,9
260353889,9
149040234,9
149060456,9
176960293,9
55403826,9
141771831,9
31512788,9
31512983,9
150440860,9
167366577,9
150443513,9
382186548,9
260503373,9
142110383,9
287298304,9
350860188,9
167011852,9
149573264,9
150145337,9
150145800,9
280865270,9
167364131,9
167364585,9
150099079,9
382245506,9
141913994,9
150188778,9
150189745,9
150032755,9
382268047,9
141096270,9
150143153,9
150143209,9
150143424,9
31514067,9
31526716,9
31526975,9
167124706,9
149542538,9
382245063,9
445804831,9
456262428,9
468827257,9
142144915,9
260471064,9
150102768,9
149037363,9
149037374,9
382200208,9
350444413,9
138131841,9
179309775,9
41083258,9
737319717,9
737382614,9
737432480,9
374912476,9
142052187,9
276947377,9
31604105,9
31604147,9
737294074,9
765199440,9
743583734,9
737472445,9
141412823,9
137995653,8
737478419,8
373842899,8
350434168,8
41173308,8
141681645,8
312831079,8
149306361,8
350432918,8
40717365,8
407663579,8
167084404,8
167168646,8
167169968,8
167303162,8
374944647,8
276865898,8
142084091,8
150032882,8
260414929,8
167368379,8
167368416,8
149625580,8
141542969,8
350843733,8
150274615,8
141122468,8
167126007,8
149541777,8
149541841,8
456261803,8
468797613,8
348839936,8
348840631,8
382266875,8
468926838,8
149351679,8
149391403,8
141771908,8
141769983,8
31513047,8
142143740,8
150513675,8
167365380,8
150101564,8
149394036,8
149902658,8
382246151,8
150391997,8
150032786,8
705186102,8
382146977,8
382147592,8
328798765,8
468874310,8
468884079,8
468922005,8
141544281,8
350822345,8
167204815,8
138026606,8
350763603,8
350764642,8
350765457,8
382266488,8
382266780,8
260635268,8
382099717,8
142109447,8
278990528,8
149542960,8
177242966,8
149306769,8
418341995,8
31509423,8
417670552,8
141713989,8
141755600,8
293220470,8
150149319,8
703221646,8
703257292,8
382066752,8
382067365,8
382068171,8
382269523,8
382302906,8
149107389,8
389363094,8
141546481,8
289040470,8
141943723,8
350954102,8
141182734,8
382042575,8
382042754,8
260653839,8
348839209,8
357243349,8
41590303,8
41591638,8
177253730,8
149473127,8
260244028,8
389371209,8
389434700,8
389441413,8
350716054,8
167042036,8
733923414,8
724186114,8
328774870,8
176935657,8
149392574,8
150245403,8
167042110,8
167046341,8
260297869,8
149102688,8
293269633,8
141910178,8
260192723,8
260193252,8
41526881,8
31385803,8
364301761,8
149575810,8
149934554,8
382043297,8
382043308,8
167249879,8
364326384,8
142105728,8
382031347,8
167007926,8
41529189,8
149156065,8
389671302,8
350709499,8
730961367,8
731064273,8
731307938,8
733354314,8
733810015,8
382044361,8
260656374,8
734443038,8
149423222,8
733852443,8
382029256,8
167342784,8
364322527,8
167247123,8
389743523,8
389564700,8
389567330,8
389795551,8
389866617,8
389869955,8
350656848,8
167247177,8
167249700,8
375090561,8
376588128,8
376590693,8
261059467,8
261135668,8
364327739,8
293273269,8
150297088,8
150298326,8
149160867,8
140996334,8
41530109,8
138107141,8
278895338,8
734377447,8
734425791,8
140996629,8
140996654,8
350653232,8
400095700,8
149179226,8
41458079,8
350336291,8
350336454,8
150186826,8
150395009,8
41486002,8
167419371,8
150066930,8
350619082,8
150067073,8
150067087,8
278824989,8
270471727,8
41460940,8
149305792,8
41463811,8
149973879,8
140935850,8
260043798,8
260074763,8
260076675,8
149423152,8
167603388,8
382027861,8
375058760,8
141268690,8
141269916,8
149217658,8
404854760,8
167422469,8
150063031,8
138169637,8
404809554,8
140998745,8
396737942,8
141810529,8
350344761,8
41335365,8
41362000,8
41363877,8
149450404,8
141279552,8
375057545,8
372908494,8
150251072,8
150269796,8
150269856,8
150271780,8
31527282,8
735662537,8
179120633,8
41333410,8
141810064,8
167572080,8
167600488,8
321219021,8
736410535,8
167549203,8
150359842,8
141283010,8
141333591,8
373530212,8
167338893,8
41230412,8
41231287,8
41254308,8
350345619,8
141682589,8
350519807,8
350520090,8
350521275,8
309700386,8
407635039,8
736960860,8
737185905,8
764876147,8
766162694,8
141411009,8
142017587,8
179382779,8
142017690,8
142018274,8
149252961,8
313142195,8
166974307,8
141422096,8
766067615,8
374942153,8
312812867,8
150108389,8
150108711,8
142144729,8
142145170,8
382189128,8
138132615,8
179372935,8
41083311,8
767021222,8
99503886,8
277301156,8
149499292,8
31528728,8
31529973,8
31533062,8
167126105,8
765198625,8
137983977,8
167163909,7
260078558,7
140963107,7
260044594,7
374858334,7
149502891,7
167306229,7
278684615,7
166970250,7
167164880,7
737365140,7
400103250,7
149973281,7
400092776,7
400093775,7
400095301,7
138415517,7
149914072,7
150429987,7
309656203,7
309698470,7
141408295,7
141411184,7
142016767,7
142048746,7
373920524,7
149179763,7
260127839,7
391887988,7
167420753,7
167420834,7
167422211,7
149252476,7
149248053,7
374908396,7
374908688,7
736546506,7
736743909,7
312812518,7
293347429,7
302362123,7
141610546,7
350480038,7
310897084,7
41088866,7
149268934,7
150275592,7
141611489,7
350655506,7
141610403,7
389865900,7
138167754,7
41113252,7
167602545,7
167571989,7
141713380,7
302362581,7
41230180,7
41230322,7
350711572,7
141000738,7
141004813,7
389570795,7
167416137,7
389564658,7
389566506,7
140999455,7
142082604,7
142082742,7
167304461,7
141980517,7
149423021,7
141000500,7
149160058,7
350711064,7
293271734,7
293272405,7
293224828,7
41231758,7
179214268,7
179214292,7
260243947,7
389371996,7
167042472,7
167044390,7
167044524,7
167046893,7
350740342,7
149106873,7
734371082,7
150106486,7
734441945,7
149423436,7
150356135,7
350743600,7
289040197,7
149126329,7
260269906,7
149992479,7
260269493,7
41255491,7
41258373,7
179037029,7
41258834,7
150270373,7
149932785,7
375032752,7
375033634,7
733969951,7
382268453,7
382302205,7
382303508,7
260299154,7
41337538,7
276859959,7
375037375,7
278823665,7
732298289,7
732351352,7
732623561,7
41458738,7
41461007,7
41461035,7
167525968,7
350763526,7
350764206,7
141542033,7
149059773,7
41483279,7
167087532,7
260355159,7
382259125,7
382260242,7
141941986,7
141033880,7
350822259,7
150361243,7
370225249,7
328667403,7
729436017,7
167206752,7
41486474,7
31381636,7
382256203,7
382256863,7
150391525,7
350336790,7
350341513,7
176931568,7
728301418,7
728589581,7
261417524,7
270474315,7
375058315,7
141268301,7
150273712,7
149902452,7
41528411,7
41590396,7
41590400,7
382198579,7
141527571,7
141528003,7
141528052,7
141528060,7
417652824,7
350295193,7
141754709,7
141755422,7
141755459,7
71103363,7
261375251,7
141270407,7
141151755,7
382187616,7
382198164,7
417728778,7
382187251,7
141770810,7
348842369,7
376589256,7
261157012,7
70999666,7
328778608,7
328798400,7
31511559,7
150032410,7
425068758,7
286133865,7
350858673,7
382157951,7
382158987,7
382160088,7
382160311,7
150322913,7
138045547,7
428891081,7
141479190,7
705254744,7
705257230,7
279953886,7
149572342,7
350861890,7
382147949,7
141154236,7
150438314,7
445795652,7
149497903,7
382144760,7
278991274,7
350929454,7
350932009,7
456256950,7
167248697,7
703181134,7
703236147,7
456257172,7
260606468,7
260635563,7
260636286,7
260637835,7
382069622,7
167122528,7
382066228,7
141944447,7
278988418,7
468860051,7
468874504,7
468884446,7
278897617,7
154338873,7
675143650,7
149935338,7
357233448,7
382045019,7
260656210,7
141214653,7
278986957,7
150191661,7
358459001,7
149390585,7
167340438,7
166975638,7
278901108,7
278958623,7
278959991,7
141806737,7
348839367,7
766115338,7
350581860,7
167524371,7
309615966,7
141824150,7
141826229,7
167201200,7
167202892,7
277300196,7
765345227,7
99391575,7
166970155,6
321041369,6
31528286,6
737457250,6
737500851,6
400095573,6
350584229,6
302426017,6
142089212,6
149600384,6
278954946,6
364322406,6
150272570,6
339533285,6
141772292,6
141871735,6
141611985,6
404975352,6
150166397,6
149973196,6
350561105,6
149934305,6
356641568,6
358402391,6
260654333,6
260657742,6
278986868,6
150244998,6
382043066,6
396817255,6
396817473,6
399962207,6
400010678,6
141823504,6
167166078,6
167570550,6
260659382,6
670212234,6
670730070,6
670763044,6
670881971,6
468897559,6
468920804,6
468941120,6
373848724,6
141413310,6
154340830,6
150165018,6
260079846,6
391814467,6
141769277,6
141769702,6
260638821,6
468859681,6
468883267,6
350620274,6
350621959,6
167421481,6
141682873,6
141822908,6
407662145,6
149501866,6
149502463,6
736588214,6
167551882,6
167552318,6
167554282,6
40890363,6
149479624,6
278900893,6
456257042,6
456263109,6
312812096,6
309789424,6
302380296,6
302381442,6
389924946,6
140995815,6
150296832,6
149175562,6
141610601,6
141610623,6
141156018,6
150438237,6
445796320,6
445799588,6
350930032,6
350934641,6
279950922,6
350481145,6
40978063,6
41031676,6
41081994,6
350477538,6
179383005,6
389742465,6
389750430,6
389865785,6
389866161,6
350443622,6
149273522,6
705188364,6
141480778,6
705241222,6
260537489,6
735593286,6
278724767,6
142016231,6
374910986,6
87302452,6
167601104,6
149158721,6
141607108,6
141608887,6
179243145,6
141001456,6
141006895,6
167416896,6
150442974,6
382148384,6
260502389,6
176981409,6
150322322,6
138025264,6
141334144,6
142014620,6
149423111,6
321578632,6
293271908,6
150033388,6
376591459,6
376591698,6
286134300,6
150033637,6
150033920,6
179214048,6
179236743,6
150028833,6
167307018,6
167309606,6
278780044,6
734449329,6
141545060,6
41233766,6
41233965,6
31315474,6
313193935,6
149543113,6
348842703,6
313193944,6
260303738,6
150433318,6
260266336,6
41254454,6
141546693,6
322549898,6
322578865,6
150107289,6
276788722,6
176875887,6
176876104,6
260306086,6
260298533,6
149977015,6
41336498,6
724211062,6
725276508,6
726143505,6
260475051,6
150103472,6
141127543,6
142151910,6
148573837,6
418342346,6
418346103,6
41361917,6
375035936,6
375035945,6
375036534,6
278822243,6
150359198,6
372851675,6
41363846,6
141030392,6
289947393,6
167525987,6
31383402,6
149348257,6
328798728,6
261396795,6
375062026,6
375063571,6
177257042,6
260364632,6
260352192,6
150437821,6
141543318,6
375056277,6
375056282,6
149988225,6
176933887,6
372852480,6
372908153,6
260416162,6
382201576,6
382202262,6
382245719,6
149913593,6
350333499,6
138074512,6
150186915,6
141913647,6
150189826,6
149539842,6
350823717,6
150393140,6
150395322,6
41488112,6
328777259,6
328777684,6
276793771,6
167207517,6
141089304,6
138046781,6
138071942,6
138073313,6
137984230,6
99473228,6
141627870,6
167417549,6
149214836,6
149214866,6
141826835,6
350562135,6
137985027,6
142048691,6
99432328,6
137986311,6
137986338,5
99435320,5
99432689,5
137995748,5
350563102,5
350581967,5
149450428,5
141870744,5
138169130,5
138169310,5
150165034,5
167203810,5
309655017,5
350560633,5
138170394,5
400011738,5
400026257,5
149935510,5
357185859,5
357242304,5
350332541,5
150188448,5
350841664,5
150392467,5
150395061,5
31410749,5
350332502,5
176931042,5
328664550,5
328722542,5
328776139,5
328778095,5
167207809,5
41487265,5
138046559,5
138072717,5
364588669,5
364589832,5
149630625,5
149630677,5
382259082,5
287409203,5
167415721,5
167206626,5
141280450,5
375055972,5
728119654,5
149988847,5
375057695,5
375059392,5
261239571,5
149903250,5
150102127,5
417728463,5
418342560,5
375037872,5
372851624,5
322347050,5
322347559,5
167525890,5
350334730,5
350334963,5
382198184,5
350842209,5
141526828,5
287010606,5
417671464,5
339427399,5
141808431,5
313242090,5
322463895,5
322581821,5
372908412,5
167307005,5
150356967,5
141547045,5
260350307,5
382302216,5
350345256,5
350345331,5
41335601,5
364589904,5
71104966,5
727437883,5
350844179,5
150142157,5
280865000,5
167364632,5
382186673,5
142143886,5
260472806,5
260474697,5
150030353,5
31415158,5
31506338,5
31508405,5
364591223,5
382303596,5
149991793,5
41335298,5
350716058,5
389445119,5
373559854,5
373597702,5
167338643,5
276861663,5
278780325,5
278821163,5
167550490,5
350744162,5
288980956,5
289040091,5
41233160,5
31314990,5
31315611,5
418348688,5
376539957,5
376588499,5
376590347,5
71037909,5
71039043,5
71042486,5
71042665,5
71099944,5
150324086,5
176985907,5
150032737,5
138022723,5
176980089,5
179238133,5
41232141,5
389434483,5
150322285,5
150323750,5
138024649,5
138027840,5
703239056,5
705175473,5
167550588,5
167550747,5
278776755,5
374945558,5
141335489,5
176870775,5
735174639,5
293270003,5
150029474,5
150033237,5
350433667,5
167417047,5
389671574,5
350709340,5
31307810,5
150321252,5
41229812,5
41230591,5
41230918,5
141910230,5
141001699,5
389566462,5
286948415,5
142142586,5
382157738,5
382186585,5
379203908,5
705195600,5
705195916,5
705243979,5
705247077,5
445715549,5
445759837,5
445777576,5
382145909,5
87251422,5
374911572,5
142053500,5
374943662,5
278726974,5
321107700,5
41171863,5
302397954,5
302398417,5
350655948,5
138131033,5
138131523,5
31308857,5
31310253,5
31313288,5
389674804,5
141685343,5
138133474,5
176870742,5
735247343,5
278866388,5
278866611,5
364328259,5
141154669,5
445794505,5
445800446,5
260604500,5
279462605,5
350860908,5
445804762,5
382028487,5
382030618,5
40977499,5
350477909,5
350479529,5
310920858,5
41085863,5
149253433,5
150275680,5
703076683,5
703105389,5
703136900,5
703160537,5
703181824,5
703182821,5
703187555,5
260607849,5
167343388,5
468805476,5
31273417,5
309791057,5
150066811,5
350656785,5
260162643,5
260164597,5
150067366,5
309702563,5
407633545,5
179636148,5
40801410,5
350519047,5
321107985,5
142081999,5
277027386,5
277099661,5
374861272,5
149444868,5
141680245,5
141680837,5
382030666,5
278899870,5
468807489,5
468809479,5
468810471,5
468827515,5
382066736,5
141485660,5
468840836,5
468874555,5
468885686,5
348839640,5
142105105,5
396774036,5
350619866,5
350622392,5
350652356,5
350652444,5
176957137,5
670738388,5
670890232,5
379203926,5
468893268,5
468917396,5
320947341,5
374860079,5
374860586,5
142018015,5
141413120,5
166969320,5
141682021,5
260128480,5
140998672,5
391811655,5
53085065,5
260656400,5
358402551,5
358458856,5
55101449,5
400095425,5
138471328,5
149629162,5
400007705,5
150429930,5
40722575,5
141823775,5
309657644,5
167554747,5
382031343,5
154339760,5
137984203,5
167164631,5
166972764,5
31533348,5
737446564,5
150062222,5
150063841,5
150064695,5
260002982,5
350584003,5
55105457,5
142091809,5
339505131,5
339537188,5
306109597,5
309614842,5
302426993,5
141621503,5
260077794,5
149176642,5
140933429,5
140937916,5
260045104,5
404928069,5
167422218,5
374829419,5
404854787,5
743572875,5
99475498,5
99475677,5
99477362,5
277181012,5
99433079,4
11491822,4
99392236,4
11552152,4
166972655,4
142051990,4
142051398,4
142017265,4
277103579,4
277102290,4
320839063,4
320836861,4
140992329,4
82694910,4
320793758,4
320791194,4
320790248,4
320675862,4
167551926,4
736672572,4
167571529,4
736001651,4
321221187,4
150062931,4
140967325,4
140960921,4
167202822,4
350582682,4
321219880,4
374908008,4
142082235,4
321218801,4
321159503,4
321094325,4
321042299,4
87593814,4
87429655,4
167601531,4
150166526,4
167203925,4
350584436,4
302426786,4
404972202,4
260003638,4
87300822,4
150249023,4
374940526,4
374911281,4
87251197,4
735469198,4
735322182,4
167548900,4
321678148,4
321677739,4
321493471,4
321436233,4
321324334,4
321322230,4
140931550,4
400093502,4
400092082,4
400091928,4
400013186,4
321269276,4
321264918,4
735184550,4
141334274,4
374994423,4
374945392,4
373775710,4
278731882,4
167549684,4
399960550,4
396830472,4
396828402,4
231792014,4
149930948,4
149629235,4
149629083,4
321896270,4
373526197,4
321740340,4
321679615,4
322679290,4
322659192,4
276783657,4
375034591,4
167306845,4
372908456,4
322658601,4
322550178,4
322545980,4
150432038,4
150431994,4
396741201,4
396738877,4
260079719,4
350559840,4
328778022,4
328777958,4
328776923,4
310841310,4
309791498,4
179502880,4
149630595,4
150390345,4
149248793,4
407634172,4
141682931,4
167421917,4
167420751,4
364593206,4
141472622,4
375056384,4
142085513,4
375058141,4
266303268,4
176933311,4
350652868,4
260163717,4
350619029,4
150066057,4
260130412,4
302380633,4
302380091,4
278826448,4
364589246,4
364542828,4
375063426,4
142085618,4
339504051,4
339503267,4
339424993,4
31270986,4
31270527,4
310922615,4
350477150,4
41084026,4
41030765,4
350518629,4
310893574,4
71042480,4
71038757,4
260710431,4
376589519,4
375064024,4
70927365,4
70896285,4
70852182,4
70760237,4
31311393,4
138130578,4
138121909,4
138120958,4
138120068,4
141611855,4
302399089,4
389918400,4
138118769,4
70753907,4
70751186,4
70661702,4
70657445,4
70600161,4
705253357,4
149275319,4
389869245,4
389864688,4
389861409,4
389800524,4
389793772,4
705191300,4
364328142,4
379203105,4
379202111,4
705188998,4
705131448,4
705078950,4
705059914,4
703257631,4
703246383,4
703242121,4
703234857,4
703171574,4
703102843,4
703077672,4
703052913,4
31307444,4
350709110,4
302362971,4
389673914,4
350433360,4
350432980,4
41172278,4
278899328,4
167248212,4
364324766,4
167342318,4
379244340,4
702880367,4
293271684,4
140999929,4
149476885,4
389621419,4
141008244,4
141008234,4
41230597,4
41226963,4
150321183,4
31308786,4
670545862,4
670198666,4
154339761,4
154339226,4
382032469,4
348795777,4
339550380,4
141808169,4
668869976,4
350743148,4
389442198,4
389434460,4
179234579,4
150033383,4
150029448,4
668807150,4
167006257,4
260709705,4
55655482,4
55530264,4
55529580,4
149993666,4
149992242,4
41233728,4
41233601,4
55340702,4
55339898,4
55284457,4
55249175,4
176959360,4
55219038,4
53255799,4
141212548,4
53252499,4
53249605,4
53185223,4
41459777,4
141941220,4
313241756,4
141810072,4
41334160,4
260266534,4
53184031,4
53182245,4
356641554,4
468920350,4
468861482,4
468861241,4
468837115,4
468833035,4
468830848,4
41485131,4
41465344,4
149304723,4
141033441,4
141032242,4
260353006,4
288953054,4
167525039,4
41459998,4
350954654,4
141526178,4
141522442,4
141943808,4
142107242,4
468828258,4
141769961,4
468809896,4
260363478,4
149973526,4
167090271,4
167086734,4
468803450,4
456260162,4
456260074,4
456257128,4
445806189,4
279464188,4
279462246,4
260604521,4
149541646,4
149571056,4
445780570,4
382145965,4
350862787,4
350862620,4
149573010,4
445767632,4
445758647,4
350824316,4
382257378,4
150186603,4
150168859,4
138045557,4
167245287,4
445756511,4
445751830,4
445728342,4
445723902,4
444903023,4
141120958,4
141756128,4
31409157,4
138110856,4
350825312,4
444639579,4
428676468,4
138025559,4
150322365,4
167367468,4
350859387,4
350845098,4
286954708,4
286951563,4
286950574,4
286779386,4
416395752,4
416394242,4
416353983,4
416348572,4
416312756,4
416311868,4
416309828,4
416306574,4
416272244,4
416269974,4
41596711,4
41594932,4
176982344,4
348842981,4
31413568,4
348842478,4
287061366,4
287059268,4
287059204,4
287056096,4
350842547,4
416457706,4
416441292,4
382186972,4
167364571,4
142110493,4
150143665,4
287170889,4
420574901,4
418344969,4
417729642,4
260418991,4
149037832,4
150101688,4
417676091,4
350294890,4
416478181,4
99540776,4
99506232,4
99505950,4
99501428,4
99501420,4
87249823,4
87247961,4
82969878,4
743609873,4
743608598,4
743051939,4
737521192,4
31533553,4
31529171,4
99472999,4
99435450,4
82799356,4
11490327,3
11643250,3
11670502,3
320950650,3
320945100,3
320832150,3
306245585,3
306213292,3
306212230,3
306207834,3
306115510,3
306114123,3
306064202,3
306062664,3
137986171,3
137986104,3
11490123,3
82694777,3
99475183,3
416396898,3
416395909,3
142146773,3
287124208,3
420594421,3
418348040,3
418344990,3
418343412,3
418341831,3
418341425,3
417732194,3
260419105,3
148569943,3
148569882,3
148567812,3
31382876,3
176982966,3
150324494,3
31507696,3
31506617,3
423456249,3
423231062,3
423230809,3
423002409,3
420594656,3
287006537,3
382198243,3
416442262,3
416441712,3
416441105,3
416439559,3
416436819,3
382148132,3
142117287,3
167367309,3
287123198,3
286950657,3
286843714,3
286134560,3
286134482,3
284119489,3
416384823,3
416384782,3
416383444,3
416277351,3
137998611,3
137998145,3
423461838,3
31387702,3
138110356,3
150394439,3
350341386,3
444892321,3
444865362,3
444858013,3
444837341,3
444640882,3
425085948,3
138044830,3
138043414,3
138024824,3
138024002,3
284117335,3
382148258,3
445720637,3
444912087,3
444910956,3
444906333,3
444899832,3
444898583,3
444898154,3
444897324,3
444892820,3
150272865,3
382245461,3
382244656,3
150274258,3
150273254,3
150273236,3
287063872,3
150440296,3
445779478,3
445766918,3
445759210,3
350824561,3
149970948,3
150190884,3
150190524,3
150189940,3
150186943,3
138108562,3
141543540,3
141542755,3
141033478,3
445730265,3
445729419,3
456261781,3
456258179,3
456238035,3
456236026,3
445803108,3
445802829,3
141485371,3
279460868,3
445801032,3
445800909,3
167125940,3
445800588,3
445800332,3
445799204,3
445796153,3
445784250,3
260364729,3
260364250,3
149973423,3
350343578,3
167088162,3
467150444,3
260606292,3
382069306,3
382069031,3
141186513,3
260636048,3
260610255,3
141181136,3
382068456,3
356641320,3
456264369,3
288952852,3
350954078,3
278989688,3
382066804,3
142106096,3
260639599,3
31512865,3
348842026,3
468807442,3
382258241,3
260370026,3
288951015,3
287404208,3
287403055,3
382260163,3
260368417,3
468908321,3
468908225,3
468897279,3
468897130,3
468893023,3
468885015,3
468875476,3
468871869,3
468862153,3
468838503,3
41464859,3
150149200,3
293219172,3
289922190,3
289906273,3
288979631,3
313196161,3
41332864,3
141709134,3
53184911,3
53178742,3
53150506,3
53150364,3
358402093,3
357242277,3
357238089,3
357237121,3
357186834,3
357186240,3
53020246,3
468922064,3
468908538,3
55104584,3
260653813,3
260654437,3
53255731,3
53255532,3
53255031,3
53253450,3
53186913,3
53185633,3
260299222,3
382303178,3
260350653,3
260349781,3
260304323,3
313240546,3
313240544,3
313144483,3
313144132,3
313143245,3
289040346,3
55528583,3
55485061,3
55447188,3
55395561,3
55391372,3
55374522,3
55374427,3
55285312,3
55246179,3
55215589,3
55130754,3
55125767,3
278955741,3
364303936,3
55655041,3
55647562,3
55642138,3
55642026,3
55596721,3
55530046,3
149991210,3
260270994,3
149123140,3
149122706,3
260302371,3
313195878,3
313194754,3
313194306,3
142100263,3
668878615,3
339538564,3
339534549,3
288981400,3
288980538,3
150148654,3
389325251,3
149902052,3
350716510,3
350711854,3
389370277,3
260243432,3
150029813,3
667407919,3
278959439,3
702765754,3
702764794,3
702750562,3
702739045,3
702697490,3
702667584,3
702664594,3
702474636,3
670203652,3
670190283,3
260708670,3
260708017,3
154340003,3
154339598,3
142105168,3
142104797,3
702948273,3
702908270,3
702902049,3
702892151,3
702890719,3
702857492,3
702853775,3
141911751,3
389564546,3
260241680,3
260190803,3
179239735,3
41173886,3
702847853,3
702828413,3
702798527,3
703104239,3
703057878,3
703056728,3
278895754,3
350442910,3
302379674,3
302379398,3
302379317,3
302363165,3
302362367,3
302362331,3
141713061,3
138167631,3
167342583,3
382031012,3
703043398,3
705057124,3
705055761,3
705002741,3
704999663,3
704982545,3
704938272,3
704913255,3
704905799,3
704853163,3
704795985,3
704711469,3
704624038,3
703212580,3
703209706,3
703207545,3
703152332,3
141684058,3
313142804,3
313142799,3
313142425,3
364541469,3
278865652,3
278864269,3
376596015,3
376595713,3
376595043,3
376594687,3
705122788,3
705122569,3
705122561,3
705111770,3
705085187,3
70757169,3
70749999,3
70747748,3
70746431,3
70707951,3
70705906,3
70704053,3
70658312,3
705256192,3
705223072,3
138133572,3
389864544,3
260189595,3
260189083,3
389741708,3
141684337,3
260709941,3
376593620,3
376592985,3
376589909,3
141471781,3
70930423,3
70929811,3
70927360,3
70791779,3
31310543,3
302425386,3
302398327,3
302398243,3
302397191,3
260187695,3
260187626,3
40979026,3
302379882,3
339369880,3
339267971,3
339265930,3
339252712,3
339250695,3
328798943,3
328798483,3
71100124,3
71099218,3
71039452,3
176937668,3
176936735,3
70997147,3
70993814,3
260129911,3
302396667,3
176931197,3
176876182,3
71104417,3
278863003,3
278862598,3
142085822,3
71101883,3
339374052,3
41087940,3
41085704,3
179439879,3
179439290,3
31271140,3
41081603,3
278824908,3
150361208,3
141280197,3
375058426,3
266304112,3
266303482,3
266303006,3
149989954,3
727954271,3
260160760,3
150300291,3
150300190,3
350619609,3
350585323,3
260130838,3
260130482,3
372851665,3
150359883,3
278823351,3
278822851,3
328719886,3
328719800,3
328719446,3
328718844,3
322716170,3
149988120,3
312809475,3
40970923,3
408658350,3
150389705,3
167169260,3
350521386,3
278821876,3
278821438,3
322551711,3
167419875,3
396774974,3
396774818,3
396741152,3
396740648,3
141681610,3
167167167,3
167165755,3
150429785,3
400009294,3
322470008,3
322468730,3
322405764,3
322032132,3
321894059,3
278780098,3
278778060,3
142015213,3
150250679,3
150248656,3
321835233,3
321834602,3
321747343,3
321741942,3
321740697,3
321680615,3
322676658,3
375033991,3
150271706,3
373522402,3
278730778,3
322221287,3
322221153,3
322219420,3
322163148,3
322160664,3
399963172,3
399928950,3
399927648,3
396831644,3
396817755,3
396814108,3
396798703,3
150302436,3
149629506,3
321482858,3
321480382,3
321436679,3
321434535,3
321433974,3
138398015,3
138355253,3
138350839,3
138328733,3
138170945,3
400094227,3
400094112,3
400092615,3
400055058,3
400053647,3
400011137,3
400105024,3
260003466,3
150063997,3
87304178,3
87302025,3
87301993,3
278729582,3
278727061,3
150249149,3
374942554,3
374941377,3
277017360,3
167602759,3
167601540,3
321672799,3
321488027,3
87525708,3
87522092,3
87521648,3
87426636,3
87426143,3
167601211,3
167574153,3
167572272,3
87305215,3
138169236,3
404972821,3
302426455,3
302426283,3
302425488,3
350584414,3
400105121,3
404925260,3
404851003,3
306300045,3
278685232,3
150108506,3
150108380,3
150107645,3
374910982,3
277100210,3
321186247,3
321181775,3
321158665,3
321157409,3
321157037,3
321042428,3
87529733,3
99474388,3
320791755,3
320680124,3
167553048,3
736930945,3
167570942,3
167570789,3
321250206,3
150063303,3
167523951,3
260041998,3
140975023,3
140964673,3
400105145,3
141621340,3
305989663,3
11672688,3
11490940,3
99542243,3
99433672,3
11551291,3
99430670,3
11595883,3
11766637,3
11738052,3
11737750,3
743688636,3
374858517,3
278683576,3
374858082,3
277105061,3
277104071,3
141756148,3
350296771,3
416480531,3
416478594,3
149498982,3
31602346,3
99436664,3
99436156,3
82889537,3
82884753,3
11736899,3
11736895,3
11735706,3
11733691,3
11733249,3
11673333,3
